placeA_STATEFP,placeA_COUNTYFP,placeA_FIPS,placeB_STATEFP,placeB_COUNTYFP,placeB_FIPS,placeA_st_name,placeA_co_name,placeB_st_name,placeB_co_name,BtoA,AtoB,BtoA_net,AB_gross,net_abs
10,1,10001,10,3,10003,Delaware,Kent County,Delaware,New Castle County,"1,782","2,116",-334,"3,898",
10,3,10003,42,101,42101,Delaware,New Castle County,Pennsylvania,Philadelphia County,"2,241",689,"1,552","2,930",
10,3,10003,42,45,42045,Delaware,New Castle County,Pennsylvania,Delaware County,"1,678",913,765,"2,591",
10,3,10003,42,29,42029,Delaware,New Castle County,Pennsylvania,Chester County,"1,371","1,003",368,"2,374",
10,1,10001,10,5,10005,Delaware,Kent County,Delaware,Sussex County,"1,221","1,100",121,"2,321",
10,3,10003,24,15,24015,Delaware,New Castle County,Maryland,Cecil County,921,"1,232",-311,"2,153",
10,5,10005,24,45,24045,Delaware,Sussex County,Maryland,Wicomico County,758,"1,045",-287,"1,803",
10,3,10003,10,5,10005,Delaware,New Castle County,Delaware,Sussex County,848,733,115,"1,581",
10,5,10005,24,47,24047,Delaware,Sussex County,Maryland,Worcester County,464,215,249,679,
10,3,10003,34,7,34007,Delaware,New Castle County,New Jersey,Camden County,456,147,309,603,
10,3,10003,42,91,42091,Delaware,New Castle County,Pennsylvania,Montgomery County,260,261,-1,521,
10,3,10003,36,59,36059,Delaware,New Castle County,New York,Nassau County,347,173,174,520,
10,1,10001,36,47,36047,Delaware,Kent County,New York,Kings County,502,0,502,502,
10,3,10003,34,33,34033,Delaware,New Castle County,New Jersey,Salem County,286,206,80,492,
10,5,10005,24,3,24003,Delaware,Sussex County,Maryland,Anne Arundel County,224,262,-38,486,
10,3,10003,36,119,36119,Delaware,New Castle County,New York,Westchester County,428,56,372,484,
10,1,10001,42,101,42101,Delaware,Kent County,Pennsylvania,Philadelphia County,231,206,25,437,
10,3,10003,34,39,34039,Delaware,New Castle County,New Jersey,Union County,367,66,301,433,
10,3,10003,34,25,34025,Delaware,New Castle County,New Jersey,Monmouth County,396,31,365,427,
10,3,10003,36,61,36061,Delaware,New Castle County,New York,New York County,210,209,1,419,
10,5,10005,42,45,42045,Delaware,Sussex County,Pennsylvania,Delaware County,222,161,61,383,
10,3,10003,51,770,51770,Delaware,New Castle County,Virginia,Roanoke city,359,7,352,366,
10,3,10003,36,103,36103,Delaware,New Castle County,New York,Suffolk County,283,73,210,356,
10,3,10003,34,21,34021,Delaware,New Castle County,New Jersey,Mercer County,72,284,-212,356,
10,3,10003,34,15,34015,Delaware,New Castle County,New Jersey,Gloucester County,134,218,-84,352,
10,3,10003,48,201,48201,Delaware,New Castle County,Texas,Harris County,122,221,-99,343,
10,3,10003,42,43,42043,Delaware,New Castle County,Pennsylvania,Dauphin County,24,316,-292,340,
10,5,10005,24,31,24031,Delaware,Sussex County,Maryland,Montgomery County,246,90,156,336,
10,5,10005,24,5,24005,Delaware,Sussex County,Maryland,Baltimore County,227,109,118,336,
10,3,10003,24,25,24025,Delaware,New Castle County,Maryland,Harford County,230,91,139,321,
10,3,10003,34,5,34005,Delaware,New Castle County,New Jersey,Burlington County,297,20,277,317,
10,3,10003,6,73,6073,Delaware,New Castle County,California,San Diego County,314,0,314,314,
10,3,10003,34,23,34023,Delaware,New Castle County,New Jersey,Middlesex County,164,145,19,309,
10,3,10003,17,31,17031,Delaware,New Castle County,Illinois,Cook County,119,185,-66,304,
10,3,10003,24,510,24510,Delaware,New Castle County,Maryland,Baltimore city,71,222,-151,293,
10,1,10001,24,33,24033,Delaware,Kent County,Maryland,Prince George's County,188,94,94,282,
10,3,10003,42,3,42003,Delaware,New Castle County,Pennsylvania,Allegheny County,210,71,139,281,
10,3,10003,9,15,9015,Delaware,New Castle County,Connecticut,Windham County,0,281,-281,281,
10,3,10003,34,11,34011,Delaware,New Castle County,New Jersey,Cumberland County,256,14,242,270,
10,3,10003,11,1,11001,Delaware,New Castle County,District of Columbia,District of Columbia,34,234,-200,268,
10,3,10003,37,119,37119,Delaware,New Castle County,North Carolina,Mecklenburg County,126,136,-10,262,
10,3,10003,36,47,36047,Delaware,New Castle County,New York,Kings County,232,27,205,259,
10,3,10003,34,29,34029,Delaware,New Castle County,New Jersey,Ocean County,234,24,210,258,
10,5,10005,42,71,42071,Delaware,Sussex County,Pennsylvania,Lancaster County,237,20,217,257,
10,3,10003,24,5,24005,Delaware,New Castle County,Maryland,Baltimore County,77,174,-97,251,
10,5,10005,42,101,42101,Delaware,Sussex County,Pennsylvania,Philadelphia County,235,14,221,249,
10,3,10003,36,1,36001,Delaware,New Castle County,New York,Albany County,27,221,-194,248,
10,3,10003,42,17,42017,Delaware,New Castle County,Pennsylvania,Bucks County,129,116,13,245,
10,5,10005,51,59,51059,Delaware,Sussex County,Virginia,Fairfax County,188,55,133,243,
10,3,10003,72,127,72127,Delaware,New Castle County,Puerto Rico,San Juan Municipio,239,0,239,239,
10,3,10003,42,71,42071,Delaware,New Castle County,Pennsylvania,Lancaster County,61,177,-116,238,
10,1,10001,34,11,34011,Delaware,Kent County,New Jersey,Cumberland County,228,7,221,235,
10,3,10003,9,1,9001,Delaware,New Castle County,Connecticut,Fairfield County,160,75,85,235,
10,3,10003,42,79,42079,Delaware,New Castle County,Pennsylvania,Luzerne County,156,69,87,225,
10,3,10003,4,19,4019,Delaware,New Castle County,Arizona,Pima County,62,157,-95,219,
10,3,10003,34,13,34013,Delaware,New Castle County,New Jersey,Essex County,170,47,123,217,
10,1,10001,12,57,12057,Delaware,Kent County,Florida,Hillsborough County,25,186,-161,211,
10,1,10001,37,183,37183,Delaware,Kent County,North Carolina,Wake County,0,209,-209,209,
10,3,10003,36,85,36085,Delaware,New Castle County,New York,Richmond County,196,12,184,208,
10,3,10003,25,17,25017,Delaware,New Castle County,Massachusetts,Middlesex County,162,46,116,208,
10,3,10003,51,59,51059,Delaware,New Castle County,Virginia,Fairfax County,76,128,-52,204,
10,3,10003,39,49,39049,Delaware,New Castle County,Ohio,Franklin County,165,33,132,198,
10,3,10003,12,95,12095,Delaware,New Castle County,Florida,Orange County,77,119,-42,196,
10,3,10003,6,37,6037,Delaware,New Castle County,California,Los Angeles County,144,50,94,194,
10,5,10005,24,15,24015,Delaware,Sussex County,Maryland,Cecil County,131,63,68,194,
10,3,10003,25,25,25025,Delaware,New Castle County,Massachusetts,Suffolk County,156,37,119,193,
10,3,10003,34,27,34027,Delaware,New Castle County,New Jersey,Morris County,152,41,111,193,
10,3,10003,51,13,51013,Delaware,New Castle County,Virginia,Arlington County,62,128,-66,190,
10,1,10001,34,15,34015,Delaware,Kent County,New Jersey,Gloucester County,54,136,-82,190,
10,1,10001,15,3,15003,Delaware,Kent County,Hawaii,Honolulu County,46,143,-97,189,
10,3,10003,42,11,42011,Delaware,New Castle County,Pennsylvania,Berks County,136,50,86,186,
10,1,10001,42,29,42029,Delaware,Kent County,Pennsylvania,Chester County,147,37,110,184,
10,3,10003,51,107,51107,Delaware,New Castle County,Virginia,Loudoun County,0,183,-183,183,
10,3,10003,4,13,4013,Delaware,New Castle County,Arizona,Maricopa County,128,53,75,181,
10,3,10003,24,21,24021,Delaware,New Castle County,Maryland,Frederick County,49,132,-83,181,
10,3,10003,34,3,34003,Delaware,New Castle County,New Jersey,Bergen County,121,58,63,179,
10,3,10003,24,3,24003,Delaware,New Castle County,Maryland,Anne Arundel County,86,89,-3,175,
10,1,10001,24,3,24003,Delaware,Kent County,Maryland,Anne Arundel County,57,115,-58,172,
10,5,10005,37,67,37067,Delaware,Sussex County,North Carolina,Forsyth County,125,44,81,169,
10,3,10003,13,121,13121,Delaware,New Castle County,Georgia,Fulton County,153,15,138,168,
10,3,10003,24,17,24017,Delaware,New Castle County,Maryland,Charles County,21,145,-124,166,
10,5,10005,24,510,24510,Delaware,Sussex County,Maryland,Baltimore city,50,115,-65,165,
10,3,10003,36,81,36081,Delaware,New Castle County,New York,Queens County,146,15,131,161,
10,1,10001,24,25,24025,Delaware,Kent County,Maryland,Harford County,155,0,155,155,
10,1,10001,34,39,34039,Delaware,Kent County,New Jersey,Union County,151,0,151,151,
10,3,10003,9,3,9003,Delaware,New Castle County,Connecticut,Hartford County,143,6,137,149,
10,1,10001,34,5,34005,Delaware,Kent County,New Jersey,Burlington County,135,13,122,148,
10,3,10003,12,9,12009,Delaware,New Castle County,Florida,Brevard County,3,144,-141,147,
10,3,10003,12,11,12011,Delaware,New Castle County,Florida,Broward County,116,30,86,146,
10,3,10003,27,53,27053,Delaware,New Castle County,Minnesota,Hennepin County,112,34,78,146,
10,5,10005,42,91,42091,Delaware,Sussex County,Pennsylvania,Montgomery County,66,80,-14,146,
10,1,10001,24,15,24015,Delaware,Kent County,Maryland,Cecil County,136,7,129,143,
10,1,10001,12,69,12069,Delaware,Kent County,Florida,Lake County,21,121,-100,142,
10,1,10001,24,45,24045,Delaware,Kent County,Maryland,Wicomico County,15,127,-112,142,
10,5,10005,24,11,24011,Delaware,Sussex County,Maryland,Caroline County,110,31,79,141,
10,3,10003,39,35,39035,Delaware,New Castle County,Ohio,Cuyahoga County,86,55,31,141,
10,3,10003,12,15,12015,Delaware,New Castle County,Florida,Charlotte County,0,140,-140,140,
10,3,10003,12,86,12086,Delaware,New Castle County,Florida,Miami-Dade County,34,104,-70,138,
10,3,10003,24,33,24033,Delaware,New Castle County,Maryland,Prince George's County,89,48,41,137,
10,5,10005,42,29,42029,Delaware,Sussex County,Pennsylvania,Chester County,83,54,29,137,
10,3,10003,25,21,25021,Delaware,New Castle County,Massachusetts,Norfolk County,135,0,135,135,
10,5,10005,34,37,34037,Delaware,Sussex County,New Jersey,Sussex County,133,1,132,134,
10,3,10003,24,31,24031,Delaware,New Castle County,Maryland,Montgomery County,55,79,-24,134,
10,5,10005,42,133,42133,Delaware,Sussex County,Pennsylvania,York County,109,24,85,133,
10,3,10003,36,5,36005,Delaware,New Castle County,New York,Bronx County,49,84,-35,133,
10,3,10003,12,103,12103,Delaware,New Castle County,Florida,Pinellas County,64,65,-1,129,
10,1,10001,42,45,42045,Delaware,Kent County,Pennsylvania,Delaware County,64,64,0,128,
10,3,10003,6,59,6059,Delaware,New Castle County,California,Orange County,33,95,-62,128,
10,5,10005,42,17,42017,Delaware,Sussex County,Pennsylvania,Bucks County,53,74,-21,127,
10,5,10005,12,71,12071,Delaware,Sussex County,Florida,Lee County,45,82,-37,127,
10,1,10001,29,137,29137,Delaware,Kent County,Missouri,Monroe County,126,0,126,126,
10,3,10003,34,1,34001,Delaware,New Castle County,New Jersey,Atlantic County,87,39,48,126,
10,1,10001,32,23,32023,Delaware,Kent County,Nevada,Nye County,0,124,-124,124,
10,3,10003,36,87,36087,Delaware,New Castle County,New York,Rockland County,123,0,123,123,
10,3,10003,17,19,17019,Delaware,New Castle County,Illinois,Champaign County,80,42,38,122,
10,3,10003,49,11,49011,Delaware,New Castle County,Utah,Davis County,120,0,120,120,
10,3,10003,24,27,24027,Delaware,New Castle County,Maryland,Howard County,51,68,-17,119,
10,1,10001,49,11,49011,Delaware,Kent County,Utah,Davis County,33,82,-49,115,
10,5,10005,21,15,21015,Delaware,Sussex County,Kentucky,Boone County,0,115,-115,115,
10,3,10003,44,7,44007,Delaware,New Castle County,Rhode Island,Providence County,69,40,29,109,
10,1,10001,24,35,24035,Delaware,Kent County,Maryland,Queen Anne's County,32,77,-45,109,
10,5,10005,18,43,18043,Delaware,Sussex County,Indiana,Floyd County,0,109,-109,109,
10,3,10003,42,77,42077,Delaware,New Castle County,Pennsylvania,Lehigh County,38,70,-32,108,
10,3,10003,26,75,26075,Delaware,New Castle County,Michigan,Jackson County,0,106,-106,106,
10,1,10001,51,680,51680,Delaware,Kent County,Virginia,Lynchburg city,105,0,105,105,
10,1,10001,32,3,32003,Delaware,Kent County,Nevada,Clark County,93,12,81,105,
10,3,10003,42,95,42095,Delaware,New Castle County,Pennsylvania,Northampton County,46,59,-13,105,
10,5,10005,51,680,51680,Delaware,Sussex County,Virginia,Lynchburg city,44,61,-17,105,
10,5,10005,24,41,24041,Delaware,Sussex County,Maryland,Talbot County,34,69,-35,103,
10,1,10001,34,7,34007,Delaware,Kent County,New Jersey,Camden County,86,16,70,102,
10,3,10003,12,71,12071,Delaware,New Castle County,Florida,Lee County,0,102,-102,102,
10,5,10005,51,1,51001,Delaware,Sussex County,Virginia,Accomack County,88,13,75,101,
10,3,10003,34,17,34017,Delaware,New Castle County,New Jersey,Hudson County,86,15,71,101,
10,1,10001,24,11,24011,Delaware,Kent County,Maryland,Caroline County,22,79,-57,101,
10,3,10003,22,71,22071,Delaware,New Castle County,Louisiana,Orleans Parish,0,101,-101,101,
10,1,10001,23,11,23011,Delaware,Kent County,Maine,Kennebec County,100,0,100,100,
10,1,10001,51,550,51550,Delaware,Kent County,Virginia,Chesapeake city,0,100,-100,100,
10,3,10003,48,121,48121,Delaware,New Castle County,Texas,Denton County,0,100,-100,100,
10,3,10003,42,21,42021,Delaware,New Castle County,Pennsylvania,Cambria County,89,10,79,99,
10,3,10003,6,97,6097,Delaware,New Castle County,California,Sonoma County,0,99,-99,99,
10,3,10003,12,5,12005,Delaware,New Castle County,Florida,Bay County,98,0,98,98,
10,1,10001,51,199,51199,Delaware,Kent County,Virginia,York County,0,98,-98,98,
10,5,10005,42,75,42075,Delaware,Sussex County,Pennsylvania,Lebanon County,97,0,97,97,
10,3,10003,36,55,36055,Delaware,New Castle County,New York,Monroe County,65,32,33,97,
10,3,10003,24,11,24011,Delaware,New Castle County,Maryland,Caroline County,26,71,-45,97,
10,3,10003,34,19,34019,Delaware,New Castle County,New Jersey,Hunterdon County,94,1,93,95,
10,1,10001,9,7,9007,Delaware,Kent County,Connecticut,Middlesex County,0,95,-95,95,
10,3,10003,48,453,48453,Delaware,New Castle County,Texas,Travis County,0,95,-95,95,
10,5,10005,2,20,2020,Delaware,Sussex County,Alaska,Anchorage Municipality,94,0,94,94,
10,3,10003,25,27,25027,Delaware,New Castle County,Massachusetts,Worcester County,82,12,70,94,
10,3,10003,12,57,12057,Delaware,New Castle County,Florida,Hillsborough County,32,62,-30,94,
10,1,10001,12,73,12073,Delaware,Kent County,Florida,Leon County,0,93,-93,93,
10,1,10001,30,1,30001,Delaware,Kent County,Montana,Beaverhead County,0,93,-93,93,
10,3,10003,13,217,13217,Delaware,New Castle County,Georgia,Newton County,0,93,-93,93,
10,1,10001,13,121,13121,Delaware,Kent County,Georgia,Fulton County,92,0,92,92,
10,3,10003,6,71,6071,Delaware,New Castle County,California,San Bernardino County,92,0,92,92,
10,1,10001,2,90,2090,Delaware,Kent County,Alaska,Fairbanks North Star Borough,91,0,91,91,
10,1,10001,11,1,11001,Delaware,Kent County,District of Columbia,District of Columbia,90,0,90,90,
10,1,10001,53,15,53015,Delaware,Kent County,Washington,Cowlitz County,90,0,90,90,
10,3,10003,51,510,51510,Delaware,New Castle County,Virginia,Alexandria city,6,82,-76,88,
10,3,10003,45,19,45019,Delaware,New Castle County,South Carolina,Charleston County,49,38,11,87,
10,3,10003,34,35,34035,Delaware,New Castle County,New Jersey,Somerset County,86,0,86,86,
10,5,10005,24,33,24033,Delaware,Sussex County,Maryland,Prince George's County,51,35,16,86,
10,3,10003,13,153,13153,Delaware,New Castle County,Georgia,Houston County,15,71,-56,86,
10,3,10003,72,21,72021,Delaware,New Castle County,Puerto Rico,Bayamón Municipio,85,0,85,85,
10,1,10001,34,21,34021,Delaware,Kent County,New Jersey,Mercer County,84,0,84,84,
10,3,10003,9,13,9013,Delaware,New Castle County,Connecticut,Tolland County,84,0,84,84,
10,5,10005,37,97,37097,Delaware,Sussex County,North Carolina,Iredell County,84,0,84,84,
10,5,10005,51,153,51153,Delaware,Sussex County,Virginia,Prince William County,74,10,64,84,
10,3,10003,45,79,45079,Delaware,New Castle County,South Carolina,Richland County,22,62,-40,84,
10,1,10001,24,43,24043,Delaware,Kent County,Maryland,Washington County,5,79,-74,84,
10,1,10001,24,5,24005,Delaware,Kent County,Maryland,Baltimore County,55,28,27,83,
10,3,10003,12,101,12101,Delaware,New Castle County,Florida,Pasco County,0,83,-83,83,
10,3,10003,51,87,51087,Delaware,New Castle County,Virginia,Henrico County,39,43,-4,82,
10,3,10003,45,13,45013,Delaware,New Castle County,South Carolina,Beaufort County,0,82,-82,82,
10,5,10005,36,103,36103,Delaware,Sussex County,New York,Suffolk County,81,0,81,81,
10,1,10001,17,31,17031,Delaware,Kent County,Illinois,Cook County,53,28,25,81,
10,5,10005,34,29,34029,Delaware,Sussex County,New Jersey,Ocean County,22,59,-37,81,
10,5,10005,34,7,34007,Delaware,Sussex County,New Jersey,Camden County,17,64,-47,81,
10,3,10003,34,9,34009,Delaware,New Castle County,New Jersey,Cape May County,64,16,48,80,
10,5,10005,37,133,37133,Delaware,Sussex County,North Carolina,Onslow County,21,59,-38,80,
10,3,10003,42,27,42027,Delaware,New Castle County,Pennsylvania,Centre County,19,61,-42,80,
10,3,10003,8,13,8013,Delaware,New Castle County,Colorado,Boulder County,13,66,-53,79,
10,3,10003,6,65,6065,Delaware,New Castle County,California,Riverside County,77,0,77,77,
10,5,10005,12,11,12011,Delaware,Sussex County,Florida,Broward County,13,64,-51,77,
10,1,10001,51,810,51810,Delaware,Kent County,Virginia,Virginia Beach city,9,68,-59,77,
10,3,10003,48,85,48085,Delaware,New Castle County,Texas,Collin County,0,77,-77,77,
10,5,10005,24,35,24035,Delaware,Sussex County,Maryland,Queen Anne's County,75,0,75,75,
10,5,10005,42,11,42011,Delaware,Sussex County,Pennsylvania,Berks County,71,4,67,75,
10,3,10003,51,810,51810,Delaware,New Castle County,Virginia,Virginia Beach city,55,20,35,75,
10,5,10005,26,163,26163,Delaware,Sussex County,Michigan,Wayne County,65,9,56,74,
10,5,10005,24,13,24013,Delaware,Sussex County,Maryland,Carroll County,63,11,52,74,
10,1,10001,42,91,42091,Delaware,Kent County,Pennsylvania,Montgomery County,16,58,-42,74,
10,3,10003,6,83,6083,Delaware,New Castle County,California,Santa Barbara County,67,6,61,73,
10,3,10003,29,189,29189,Delaware,New Castle County,Missouri,St. Louis County,72,0,72,72,
10,3,10003,12,111,12111,Delaware,New Castle County,Florida,St. Lucie County,55,17,38,72,
10,1,10001,36,81,36081,Delaware,Kent County,New York,Queens County,43,29,14,72,
10,5,10005,54,3,54003,Delaware,Sussex County,West Virginia,Berkeley County,10,62,-52,72,
10,3,10003,8,31,8031,Delaware,New Castle County,Colorado,Denver County,7,65,-58,72,
10,1,10001,49,57,49057,Delaware,Kent County,Utah,Weber County,71,0,71,71,
10,3,10003,9,9,9009,Delaware,New Castle County,Connecticut,New Haven County,71,0,71,71,
10,3,10003,34,31,34031,Delaware,New Castle County,New Jersey,Passaic County,71,0,71,71,
10,5,10005,13,67,13067,Delaware,Sussex County,Georgia,Cobb County,71,0,71,71,
10,3,10003,51,121,51121,Delaware,New Castle County,Virginia,Montgomery County,40,31,9,71,
10,5,10005,34,33,34033,Delaware,Sussex County,New Jersey,Salem County,3,68,-65,71,
10,1,10001,55,79,55079,Delaware,Kent County,Wisconsin,Milwaukee County,0,71,-71,71,
10,5,10005,13,139,13139,Delaware,Sussex County,Georgia,Hall County,0,71,-71,71,
10,3,10003,48,29,48029,Delaware,New Castle County,Texas,Bexar County,20,50,-30,70,
10,1,10001,42,41,42041,Delaware,Kent County,Pennsylvania,Cumberland County,0,70,-70,70,
10,3,10003,51,710,51710,Delaware,New Castle County,Virginia,Norfolk city,52,17,35,69,
10,1,10001,24,29,24029,Delaware,Kent County,Maryland,Kent County,48,21,27,69,
10,3,10003,42,133,42133,Delaware,New Castle County,Pennsylvania,York County,20,48,-28,68,
10,3,10003,6,81,6081,Delaware,New Castle County,California,San Mateo County,17,51,-34,68,
10,3,10003,37,1,37001,Delaware,New Castle County,North Carolina,Alamance County,0,68,-68,68,
10,3,10003,37,19,37019,Delaware,New Castle County,North Carolina,Brunswick County,57,10,47,67,
10,1,10001,36,1,36001,Delaware,Kent County,New York,Albany County,20,47,-27,67,
10,3,10003,1,97,1097,Delaware,New Castle County,Alabama,Mobile County,0,67,-67,67,
10,5,10005,37,95,37095,Delaware,Sussex County,North Carolina,Hyde County,0,67,-67,67,
10,3,10003,54,61,54061,Delaware,New Castle County,West Virginia,Monongalia County,25,41,-16,66,
10,3,10003,40,143,40143,Delaware,New Castle County,Oklahoma,Tulsa County,0,64,-64,64,
10,1,10001,16,39,16039,Delaware,Kent County,Idaho,Elmore County,63,0,63,63,
10,1,10001,45,45,45045,Delaware,Kent County,South Carolina,Greenville County,63,0,63,63,
10,1,10001,56,21,56021,Delaware,Kent County,Wyoming,Laramie County,63,0,63,63,
10,5,10005,11,1,11001,Delaware,Sussex County,District of Columbia,District of Columbia,63,0,63,63,
10,3,10003,13,89,13089,Delaware,New Castle County,Georgia,DeKalb County,7,56,-49,63,
10,5,10005,1,103,1103,Delaware,Sussex County,Alabama,Morgan County,0,63,-63,63,
10,3,10003,28,49,28049,Delaware,New Castle County,Mississippi,Hinds County,62,0,62,62,
10,5,10005,37,51,37051,Delaware,Sussex County,North Carolina,Cumberland County,23,37,-14,60,
10,1,10001,47,65,47065,Delaware,Kent County,Tennessee,Hamilton County,59,0,59,59,
10,3,10003,39,153,39153,Delaware,New Castle County,Ohio,Summit County,59,0,59,59,
10,3,10003,13,135,13135,Delaware,New Castle County,Georgia,Gwinnett County,34,25,9,59,
10,1,10001,34,13,34013,Delaware,Kent County,New Jersey,Essex County,33,26,7,59,
10,1,10001,12,95,12095,Delaware,Kent County,Florida,Orange County,0,59,-59,59,
10,3,10003,45,3,45003,Delaware,New Castle County,South Carolina,Aiken County,0,59,-59,59,
10,5,10005,48,113,48113,Delaware,Sussex County,Texas,Dallas County,0,59,-59,59,
10,3,10003,12,99,12099,Delaware,New Castle County,Florida,Palm Beach County,28,30,-2,58,
10,5,10005,51,41,51041,Delaware,Sussex County,Virginia,Chesterfield County,6,52,-46,58,
10,3,10003,37,57,37057,Delaware,New Castle County,North Carolina,Davidson County,0,58,-58,58,
10,1,10001,24,17,24017,Delaware,Kent County,Maryland,Charles County,57,0,57,57,
10,1,10001,24,510,24510,Delaware,Kent County,Maryland,Baltimore city,57,0,57,57,
10,3,10003,13,233,13233,Delaware,New Castle County,Georgia,Polk County,57,0,57,57,
10,3,10003,47,37,47037,Delaware,New Castle County,Tennessee,Davidson County,25,32,-7,57,
10,3,10003,20,177,20177,Delaware,New Castle County,Kansas,Shawnee County,0,57,-57,57,
10,5,10005,36,47,36047,Delaware,Sussex County,New York,Kings County,56,0,56,56,
10,5,10005,12,17,12017,Delaware,Sussex County,Florida,Citrus County,0,56,-56,56,
10,1,10001,36,119,36119,Delaware,Kent County,New York,Westchester County,55,0,55,55,
10,5,10005,34,13,34013,Delaware,Sussex County,New Jersey,Essex County,55,0,55,55,
10,5,10005,42,79,42079,Delaware,Sussex County,Pennsylvania,Luzerne County,21,34,-13,55,
10,3,10003,51,680,51680,Delaware,New Castle County,Virginia,Lynchburg city,0,55,-55,55,
10,5,10005,55,79,55079,Delaware,Sussex County,Wisconsin,Milwaukee County,0,55,-55,55,
10,5,10005,24,21,24021,Delaware,Sussex County,Maryland,Frederick County,31,23,8,54,
10,1,10001,34,35,34035,Delaware,Kent County,New Jersey,Somerset County,53,0,53,53,
10,1,10001,12,11,12011,Delaware,Kent County,Florida,Broward County,52,0,52,52,
10,3,10003,9,11,9011,Delaware,New Castle County,Connecticut,New London County,30,22,8,52,
10,3,10003,42,41,42041,Delaware,New Castle County,Pennsylvania,Cumberland County,26,26,0,52,
10,1,10001,37,81,37081,Delaware,Kent County,North Carolina,Guilford County,4,48,-44,52,
10,1,10001,42,27,42027,Delaware,Kent County,Pennsylvania,Centre County,0,52,-52,52,
10,3,10003,2,20,2020,Delaware,New Castle County,Alaska,Anchorage Municipality,51,0,51,51,
10,5,10005,36,67,36067,Delaware,Sussex County,New York,Onondaga County,51,0,51,51,
10,3,10003,37,133,37133,Delaware,New Castle County,North Carolina,Onslow County,13,38,-25,51,
10,5,10005,47,37,47037,Delaware,Sussex County,Tennessee,Davidson County,7,44,-37,51,
10,5,10005,6,65,6065,Delaware,Sussex County,California,Riverside County,0,51,-51,51,
10,5,10005,24,19,24019,Delaware,Sussex County,Maryland,Dorchester County,30,20,10,50,
10,3,10003,32,3,32003,Delaware,New Castle County,Nevada,Clark County,21,29,-8,50,
10,5,10005,24,9,24009,Delaware,Sussex County,Maryland,Calvert County,0,50,-50,50,
10,5,10005,72,127,72127,Delaware,Sussex County,Puerto Rico,San Juan Municipio,49,0,49,49,
10,1,10001,24,31,24031,Delaware,Kent County,Maryland,Montgomery County,48,0,48,48,
10,3,10003,29,183,29183,Delaware,New Castle County,Missouri,St. Charles County,48,0,48,48,
10,3,10003,72,69,72069,Delaware,New Castle County,Puerto Rico,Humacao Municipio,48,0,48,48,
10,5,10005,34,9,34009,Delaware,Sussex County,New Jersey,Cape May County,48,0,48,48,
10,5,10005,36,59,36059,Delaware,Sussex County,New York,Nassau County,48,0,48,48,
10,3,10003,37,135,37135,Delaware,New Castle County,North Carolina,Orange County,46,2,44,48,
10,5,10005,45,51,45051,Delaware,Sussex County,South Carolina,Horry County,25,23,2,48,
10,5,10005,12,19,12019,Delaware,Sussex County,Florida,Clay County,6,42,-36,48,
10,3,10003,12,53,12053,Delaware,New Castle County,Florida,Hernando County,5,43,-38,48,
10,3,10003,51,125,51125,Delaware,New Castle County,Virginia,Nelson County,0,48,-48,48,
10,3,10003,36,27,36027,Delaware,New Castle County,New York,Dutchess County,43,4,39,47,
10,3,10003,26,65,26065,Delaware,New Castle County,Michigan,Ingham County,32,15,17,47,
10,1,10001,6,53,6053,Delaware,Kent County,California,Monterey County,19,28,-9,47,
10,1,10001,12,85,12085,Delaware,Kent County,Florida,Martin County,17,30,-13,47,
10,5,10005,37,119,37119,Delaware,Sussex County,North Carolina,Mecklenburg County,4,43,-39,47,
10,1,10001,35,9,35009,Delaware,Kent County,New Mexico,Curry County,0,47,-47,47,
10,3,10003,25,13,25013,Delaware,New Castle County,Massachusetts,Hampden County,0,47,-47,47,
10,3,10003,39,95,39095,Delaware,New Castle County,Ohio,Lucas County,0,47,-47,47,
10,3,10003,54,99,54099,Delaware,New Castle County,West Virginia,Wayne County,0,47,-47,47,
10,1,10001,33,11,33011,Delaware,Kent County,New Hampshire,Hillsborough County,46,0,46,46,
10,3,10003,29,99,29099,Delaware,New Castle County,Missouri,Jefferson County,46,0,46,46,
10,5,10005,21,101,21101,Delaware,Sussex County,Kentucky,Henderson County,46,0,46,46,
10,5,10005,42,77,42077,Delaware,Sussex County,Pennsylvania,Lehigh County,43,3,40,46,
10,1,10001,1,101,1101,Delaware,Kent County,Alabama,Montgomery County,0,46,-46,46,
10,3,10003,24,39,24039,Delaware,New Castle County,Maryland,Somerset County,17,28,-11,45,
10,1,10001,40,109,40109,Delaware,Kent County,Oklahoma,Oklahoma County,0,45,-45,45,
10,3,10003,13,131,13131,Delaware,New Castle County,Georgia,Grady County,0,45,-45,45,
10,3,10003,24,37,24037,Delaware,New Castle County,Maryland,St. Mary's County,0,45,-45,45,
10,3,10003,42,69,42069,Delaware,New Castle County,Pennsylvania,Lackawanna County,0,45,-45,45,
10,5,10005,49,11,49011,Delaware,Sussex County,Utah,Davis County,0,45,-45,45,
10,1,10001,42,47,42047,Delaware,Kent County,Pennsylvania,Elk County,44,0,44,44,
10,3,10003,12,1,12001,Delaware,New Castle County,Florida,Alachua County,19,25,-6,44,
10,3,10003,6,67,6067,Delaware,New Castle County,California,Sacramento County,16,28,-12,44,
10,1,10001,51,59,51059,Delaware,Kent County,Virginia,Fairfax County,13,31,-18,44,
10,1,10001,37,191,37191,Delaware,Kent County,North Carolina,Wayne County,0,44,-44,44,
10,3,10003,55,131,55131,Delaware,New Castle County,Wisconsin,Washington County,0,44,-44,44,
10,5,10005,8,117,8117,Delaware,Sussex County,Colorado,Summit County,0,44,-44,44,
10,5,10005,23,5,23005,Delaware,Sussex County,Maine,Cumberland County,0,44,-44,44,
10,5,10005,24,17,24017,Delaware,Sussex County,Maryland,Charles County,0,44,-44,44,
10,1,10001,9,11,9011,Delaware,Kent County,Connecticut,New London County,43,0,43,43,
10,1,10001,34,31,34031,Delaware,Kent County,New Jersey,Passaic County,43,0,43,43,
10,3,10003,51,153,51153,Delaware,New Castle County,Virginia,Prince William County,43,0,43,43,
10,1,10001,34,9,34009,Delaware,Kent County,New Jersey,Cape May County,30,13,17,43,
10,3,10003,53,33,53033,Delaware,New Castle County,Washington,King County,12,31,-19,43,
10,5,10005,45,75,45075,Delaware,Sussex County,South Carolina,Orangeburg County,0,43,-43,43,
10,1,10001,51,650,51650,Delaware,Kent County,Virginia,Hampton city,38,4,34,42,
10,5,10005,34,25,34025,Delaware,Sussex County,New Jersey,Monmouth County,26,16,10,42,
10,3,10003,24,47,24047,Delaware,New Castle County,Maryland,Worcester County,17,25,-8,42,
10,1,10001,42,11,42011,Delaware,Kent County,Pennsylvania,Berks County,11,31,-20,42,
10,5,10005,4,13,4013,Delaware,Sussex County,Arizona,Maricopa County,9,33,-24,42,
10,3,10003,42,13,42013,Delaware,New Castle County,Pennsylvania,Blair County,3,39,-36,42,
10,1,10001,45,79,45079,Delaware,Kent County,South Carolina,Richland County,0,42,-42,42,
10,3,10003,54,3,54003,Delaware,New Castle County,West Virginia,Berkeley County,0,42,-42,42,
10,1,10001,36,87,36087,Delaware,Kent County,New York,Rockland County,41,0,41,41,
10,3,10003,37,183,37183,Delaware,New Castle County,North Carolina,Wake County,4,37,-33,41,
10,1,10001,13,67,13067,Delaware,Kent County,Georgia,Cobb County,0,41,-41,41,
10,1,10001,29,105,29105,Delaware,Kent County,Missouri,Laclede County,0,41,-41,41,
10,1,10001,13,57,13057,Delaware,Kent County,Georgia,Cherokee County,40,0,40,40,
10,1,10001,21,111,21111,Delaware,Kent County,Kentucky,Jefferson County,0,40,-40,40,
10,1,10001,12,97,12097,Delaware,Kent County,Florida,Osceola County,39,0,39,39,
10,1,10001,13,185,13185,Delaware,Kent County,Georgia,Lowndes County,39,0,39,39,
10,1,10001,37,45,37045,Delaware,Kent County,North Carolina,Cleveland County,39,0,39,39,
10,3,10003,36,109,36109,Delaware,New Castle County,New York,Tompkins County,39,0,39,39,
10,5,10005,9,9,9009,Delaware,Sussex County,Connecticut,New Haven County,39,0,39,39,
10,5,10005,12,31,12031,Delaware,Sussex County,Florida,Duval County,39,0,39,39,
10,3,10003,12,115,12115,Delaware,New Castle County,Florida,Sarasota County,31,8,23,39,
10,1,10001,2,20,2020,Delaware,Kent County,Alaska,Anchorage Municipality,29,10,19,39,
10,1,10001,24,19,24019,Delaware,Kent County,Maryland,Dorchester County,22,17,5,39,
10,1,10001,9,3,9003,Delaware,Kent County,Connecticut,Hartford County,4,35,-31,39,
10,1,10001,39,149,39149,Delaware,Kent County,Ohio,Shelby County,0,39,-39,39,
10,3,10003,41,39,41039,Delaware,New Castle County,Oregon,Lane County,0,39,-39,39,
10,1,10001,45,13,45013,Delaware,Kent County,South Carolina,Beaufort County,38,0,38,38,
10,5,10005,24,39,24039,Delaware,Sussex County,Maryland,Somerset County,32,6,26,38,
10,5,10005,34,35,34035,Delaware,Sussex County,New Jersey,Somerset County,9,29,-20,38,
10,1,10001,36,35,36035,Delaware,Kent County,New York,Fulton County,0,38,-38,38,
10,3,10003,47,125,47125,Delaware,New Castle County,Tennessee,Montgomery County,0,38,-38,38,
10,1,10001,18,181,18181,Delaware,Kent County,Indiana,White County,37,0,37,37,
10,1,10001,39,167,39167,Delaware,Kent County,Ohio,Washington County,37,0,37,37,
10,3,10003,51,700,51700,Delaware,New Castle County,Virginia,Newport News city,37,0,37,37,
10,5,10005,24,27,24027,Delaware,Sussex County,Maryland,Howard County,37,0,37,37,
10,3,10003,37,155,37155,Delaware,New Castle County,North Carolina,Robeson County,22,15,7,37,
10,1,10001,18,97,18097,Delaware,Kent County,Indiana,Marion County,18,19,-1,37,
10,3,10003,42,37,42037,Delaware,New Castle County,Pennsylvania,Columbia County,18,19,-1,37,
10,1,10001,12,33,12033,Delaware,Kent County,Florida,Escambia County,0,37,-37,37,
10,1,10001,34,17,34017,Delaware,Kent County,New Jersey,Hudson County,0,37,-37,37,
10,3,10003,20,61,20061,Delaware,New Castle County,Kansas,Geary County,0,37,-37,37,
10,3,10003,23,5,23005,Delaware,New Castle County,Maine,Cumberland County,0,37,-37,37,
10,5,10005,39,49,39049,Delaware,Sussex County,Ohio,Franklin County,0,37,-37,37,
10,5,10005,6,13,6013,Delaware,Sussex County,California,Contra Costa County,36,0,36,36,
10,5,10005,27,85,27085,Delaware,Sussex County,Minnesota,McLeod County,36,0,36,36,
10,5,10005,34,1,34001,Delaware,Sussex County,New Jersey,Atlantic County,36,0,36,36,
10,5,10005,48,355,48355,Delaware,Sussex County,Texas,Nueces County,36,0,36,36,
10,1,10001,34,29,34029,Delaware,Kent County,New Jersey,Ocean County,28,8,20,36,
10,5,10005,42,3,42003,Delaware,Sussex County,Pennsylvania,Allegheny County,22,14,8,36,
10,1,10001,48,99,48099,Delaware,Kent County,Texas,Coryell County,0,36,-36,36,
10,3,10003,39,155,39155,Delaware,New Castle County,Ohio,Trumbull County,0,36,-36,36,
10,3,10003,42,61,42061,Delaware,New Castle County,Pennsylvania,Huntingdon County,0,36,-36,36,
10,3,10003,42,63,42063,Delaware,New Castle County,Pennsylvania,Indiana County,0,36,-36,36,
10,5,10005,8,59,8059,Delaware,Sussex County,Colorado,Jefferson County,0,36,-36,36,
10,1,10001,42,83,42083,Delaware,Kent County,Pennsylvania,McKean County,35,0,35,35,
10,3,10003,21,111,21111,Delaware,New Castle County,Kentucky,Jefferson County,35,0,35,35,
10,3,10003,6,1,6001,Delaware,New Castle County,California,Alameda County,17,18,-1,35,
10,3,10003,15,3,15003,Delaware,New Castle County,Hawaii,Honolulu County,0,35,-35,35,
10,3,10003,37,31,37031,Delaware,New Castle County,North Carolina,Carteret County,0,35,-35,35,
10,1,10001,6,19,6019,Delaware,Kent County,California,Fresno County,34,0,34,34,
10,3,10003,17,167,17167,Delaware,New Castle County,Illinois,Sangamon County,34,0,34,34,
10,5,10005,34,5,34005,Delaware,Sussex County,New Jersey,Burlington County,34,0,34,34,
10,5,10005,42,81,42081,Delaware,Sussex County,Pennsylvania,Lycoming County,29,5,24,34,
10,3,10003,51,3,51003,Delaware,New Castle County,Virginia,Albemarle County,22,12,10,34,
10,1,10001,42,89,42089,Delaware,Kent County,Pennsylvania,Monroe County,20,14,6,34,
10,3,10003,24,45,24045,Delaware,New Castle County,Maryland,Wicomico County,14,20,-6,34,
10,3,10003,4,5,4005,Delaware,New Castle County,Arizona,Coconino County,8,26,-18,34,
10,3,10003,23,19,23019,Delaware,New Castle County,Maine,Penobscot County,8,26,-18,34,
10,1,10001,17,163,17163,Delaware,Kent County,Illinois,St. Clair County,33,0,33,33,
10,1,10001,34,1,34001,Delaware,Kent County,New Jersey,Atlantic County,33,0,33,33,
10,3,10003,1,39,1039,Delaware,New Castle County,Alabama,Covington County,33,0,33,33,
10,5,10005,47,65,47065,Delaware,Sussex County,Tennessee,Hamilton County,33,0,33,33,
10,5,10005,42,41,42041,Delaware,Sussex County,Pennsylvania,Cumberland County,24,9,15,33,
10,1,10001,48,201,48201,Delaware,Kent County,Texas,Harris County,23,10,13,33,
10,5,10005,45,43,45043,Delaware,Sussex County,South Carolina,Georgetown County,0,33,-33,33,
10,5,10005,54,61,54061,Delaware,Sussex County,West Virginia,Monongalia County,0,33,-33,33,
10,1,10001,56,25,56025,Delaware,Kent County,Wyoming,Natrona County,32,0,32,32,
10,1,10001,72,151,72151,Delaware,Kent County,Puerto Rico,Yabucoa Municipio,32,0,32,32,
10,3,10003,26,5,26005,Delaware,New Castle County,Michigan,Allegan County,32,0,32,32,
10,3,10003,35,1,35001,Delaware,New Castle County,New Mexico,Bernalillo County,32,0,32,32,
10,1,10001,16,45,16045,Delaware,Kent County,Idaho,Gem County,0,32,-32,32,
10,1,10001,42,21,42021,Delaware,Kent County,Pennsylvania,Cambria County,0,32,-32,32,
10,3,10003,12,75,12075,Delaware,New Castle County,Florida,Levy County,0,32,-32,32,
10,3,10003,18,57,18057,Delaware,New Castle County,Indiana,Hamilton County,0,32,-32,32,
10,3,10003,39,17,39017,Delaware,New Castle County,Ohio,Butler County,0,32,-32,32,
10,3,10003,45,77,45077,Delaware,New Castle County,South Carolina,Pickens County,0,32,-32,32,
10,5,10005,8,13,8013,Delaware,Sussex County,Colorado,Boulder County,0,32,-32,32,
10,3,10003,16,1,16001,Delaware,New Castle County,Idaho,Ada County,31,0,31,31,
10,3,10003,36,29,36029,Delaware,New Castle County,New York,Erie County,31,0,31,31,
10,5,10005,12,111,12111,Delaware,Sussex County,Florida,St. Lucie County,31,0,31,31,
10,5,10005,31,55,31055,Delaware,Sussex County,Nebraska,Douglas County,31,0,31,31,
10,5,10005,45,19,45019,Delaware,Sussex County,South Carolina,Charleston County,31,0,31,31,
10,1,10001,42,79,42079,Delaware,Kent County,Pennsylvania,Luzerne County,11,20,-9,31,
10,1,10001,44,7,44007,Delaware,Kent County,Rhode Island,Providence County,0,31,-31,31,
10,3,10003,6,85,6085,Delaware,New Castle County,California,Santa Clara County,0,31,-31,31,
10,3,10003,51,143,51143,Delaware,New Castle County,Virginia,Pittsylvania County,0,31,-31,31,
10,5,10005,12,21,12021,Delaware,Sussex County,Florida,Collier County,0,31,-31,31,
10,5,10005,12,95,12095,Delaware,Sussex County,Florida,Orange County,0,31,-31,31,
10,5,10005,12,127,12127,Delaware,Sussex County,Florida,Volusia County,0,31,-31,31,
10,1,10001,51,510,51510,Delaware,Kent County,Virginia,Alexandria city,30,0,30,30,
10,5,10005,48,201,48201,Delaware,Sussex County,Texas,Harris County,30,0,30,30,
10,3,10003,54,39,54039,Delaware,New Castle County,West Virginia,Kanawha County,10,20,-10,30,
10,1,10001,12,115,12115,Delaware,Kent County,Florida,Sarasota County,0,30,-30,30,
10,1,10001,42,1,42001,Delaware,Kent County,Pennsylvania,Adams County,0,30,-30,30,
10,3,10003,42,129,42129,Delaware,New Castle County,Pennsylvania,Westmoreland County,29,0,29,29,
10,5,10005,9,13,9013,Delaware,Sussex County,Connecticut,Tolland County,29,0,29,29,
10,5,10005,39,127,39127,Delaware,Sussex County,Ohio,Perry County,29,0,29,29,
10,3,10003,24,13,24013,Delaware,New Castle County,Maryland,Carroll County,20,9,11,29,
10,5,10005,34,3,34003,Delaware,Sussex County,New Jersey,Bergen County,11,18,-7,29,
10,3,10003,8,5,8005,Delaware,New Castle County,Colorado,Arapahoe County,0,29,-29,29,
10,3,10003,31,109,31109,Delaware,New Castle County,Nebraska,Lancaster County,0,29,-29,29,
10,3,10003,42,35,42035,Delaware,New Castle County,Pennsylvania,Clinton County,0,29,-29,29,
10,1,10001,35,1,35001,Delaware,Kent County,New Mexico,Bernalillo County,28,0,28,28,
10,1,10001,39,3,39003,Delaware,Kent County,Ohio,Allen County,28,0,28,28,
10,3,10003,34,37,34037,Delaware,New Castle County,New Jersey,Sussex County,28,0,28,28,
10,3,10003,42,93,42093,Delaware,New Castle County,Pennsylvania,Montour County,28,0,28,28,
10,5,10005,35,1,35001,Delaware,Sussex County,New Mexico,Bernalillo County,28,0,28,28,
10,3,10003,42,85,42085,Delaware,New Castle County,Pennsylvania,Mercer County,12,16,-4,28,
10,5,10005,12,103,12103,Delaware,Sussex County,Florida,Pinellas County,6,22,-16,28,
10,1,10001,28,47,28047,Delaware,Kent County,Mississippi,Harrison County,5,23,-18,28,
10,1,10001,12,71,12071,Delaware,Kent County,Florida,Lee County,0,28,-28,28,
10,1,10001,42,107,42107,Delaware,Kent County,Pennsylvania,Schuylkill County,0,28,-28,28,
10,1,10001,45,51,45051,Delaware,Kent County,South Carolina,Horry County,0,28,-28,28,
10,3,10003,6,89,6089,Delaware,New Castle County,California,Shasta County,0,28,-28,28,
10,3,10003,8,59,8059,Delaware,New Castle County,Colorado,Jefferson County,0,28,-28,28,
10,3,10003,12,73,12073,Delaware,New Castle County,Florida,Leon County,0,28,-28,28,
10,1,10001,8,5,8005,Delaware,Kent County,Colorado,Arapahoe County,27,0,27,27,
10,3,10003,1,3,1003,Delaware,New Castle County,Alabama,Baldwin County,27,0,27,27,
10,3,10003,8,41,8041,Delaware,New Castle County,Colorado,El Paso County,27,0,27,27,
10,3,10003,72,51,72051,Delaware,New Castle County,Puerto Rico,Dorado Municipio,27,0,27,27,
10,5,10005,42,73,42073,Delaware,Sussex County,Pennsylvania,Lawrence County,21,6,15,27,
10,1,10001,4,21,4021,Delaware,Kent County,Arizona,Pinal County,0,27,-27,27,
10,1,10001,12,9,12009,Delaware,Kent County,Florida,Brevard County,0,27,-27,27,
10,1,10001,12,81,12081,Delaware,Kent County,Florida,Manatee County,0,27,-27,27,
10,3,10003,42,109,42109,Delaware,New Castle County,Pennsylvania,Snyder County,0,27,-27,27,
10,1,10001,36,61,36061,Delaware,Kent County,New York,New York County,26,0,26,26,
10,3,10003,6,111,6111,Delaware,New Castle County,California,Ventura County,26,0,26,26,
10,5,10005,12,91,12091,Delaware,Sussex County,Florida,Okaloosa County,26,0,26,26,
10,5,10005,22,51,22051,Delaware,Sussex County,Louisiana,Jefferson Parish,26,0,26,26,
10,5,10005,36,89,36089,Delaware,Sussex County,New York,St. Lawrence County,26,0,26,26,
10,5,10005,51,17,51017,Delaware,Sussex County,Virginia,Bath County,26,0,26,26,
10,1,10001,24,39,24039,Delaware,Kent County,Maryland,Somerset County,17,9,8,26,
10,5,10005,12,9,12009,Delaware,Sussex County,Florida,Brevard County,15,11,4,26,
10,1,10001,48,27,48027,Delaware,Kent County,Texas,Bell County,0,26,-26,26,
10,1,10001,24,41,24041,Delaware,Kent County,Maryland,Talbot County,25,0,25,25,
10,1,10001,45,85,45085,Delaware,Kent County,South Carolina,Sumter County,25,0,25,25,
10,3,10003,12,33,12033,Delaware,New Castle County,Florida,Escambia County,25,0,25,25,
10,3,10003,20,125,20125,Delaware,New Castle County,Kansas,Montgomery County,25,0,25,25,
10,3,10003,48,303,48303,Delaware,New Castle County,Texas,Lubbock County,25,0,25,25,
10,5,10005,51,810,51810,Delaware,Sussex County,Virginia,Virginia Beach city,21,4,17,25,
10,3,10003,36,65,36065,Delaware,New Castle County,New York,Oneida County,13,12,1,25,
10,1,10001,1,45,1045,Delaware,Kent County,Alabama,Dale County,0,25,-25,25,
10,1,10001,48,167,48167,Delaware,Kent County,Texas,Galveston County,0,25,-25,25,
10,3,10003,29,101,29101,Delaware,New Castle County,Missouri,Johnson County,0,25,-25,25,
10,3,10003,36,91,36091,Delaware,New Castle County,New York,Saratoga County,0,25,-25,25,
10,3,10003,39,61,39061,Delaware,New Castle County,Ohio,Hamilton County,0,25,-25,25,
10,5,10005,36,119,36119,Delaware,Sussex County,New York,Westchester County,0,25,-25,25,
10,3,10003,12,31,12031,Delaware,New Castle County,Florida,Duval County,24,0,24,24,
10,3,10003,17,111,17111,Delaware,New Castle County,Illinois,McHenry County,24,0,24,24,
10,3,10003,31,153,31153,Delaware,New Castle County,Nebraska,Sarpy County,24,0,24,24,
10,3,10003,37,83,37083,Delaware,New Castle County,North Carolina,Halifax County,24,0,24,24,
10,3,10003,24,43,24043,Delaware,New Castle County,Maryland,Washington County,15,9,6,24,
10,1,10001,34,3,34003,Delaware,Kent County,New Jersey,Bergen County,14,10,4,24,
10,3,10003,13,115,13115,Delaware,New Castle County,Georgia,Floyd County,0,24,-24,24,
10,3,10003,37,109,37109,Delaware,New Castle County,North Carolina,Lincoln County,0,24,-24,24,
10,3,10003,37,147,37147,Delaware,New Castle County,North Carolina,Pitt County,0,24,-24,24,
10,3,10003,45,89,45089,Delaware,New Castle County,South Carolina,Williamsburg County,0,24,-24,24,
10,5,10005,41,51,41051,Delaware,Sussex County,Oregon,Multnomah County,0,24,-24,24,
10,1,10001,34,25,34025,Delaware,Kent County,New Jersey,Monmouth County,23,0,23,23,
10,1,10001,36,29,36029,Delaware,Kent County,New York,Erie County,23,0,23,23,
10,3,10003,48,113,48113,Delaware,New Castle County,Texas,Dallas County,23,0,23,23,
10,3,10003,51,760,51760,Delaware,New Castle County,Virginia,Richmond city,18,5,13,23,
10,3,10003,24,29,24029,Delaware,New Castle County,Maryland,Kent County,12,11,1,23,
10,1,10001,42,3,42003,Delaware,Kent County,Pennsylvania,Allegheny County,0,23,-23,23,
10,1,10001,42,77,42077,Delaware,Kent County,Pennsylvania,Lehigh County,0,23,-23,23,
10,3,10003,22,53,22053,Delaware,New Castle County,Louisiana,Jefferson Davis Parish,0,23,-23,23,
10,3,10003,45,15,45015,Delaware,New Castle County,South Carolina,Berkeley County,0,23,-23,23,
10,3,10003,50,25,50025,Delaware,New Castle County,Vermont,Windham County,0,23,-23,23,
10,5,10005,47,9,47009,Delaware,Sussex County,Tennessee,Blount County,0,23,-23,23,
10,5,10005,51,199,51199,Delaware,Sussex County,Virginia,York County,0,23,-23,23,
10,1,10001,24,27,24027,Delaware,Kent County,Maryland,Howard County,22,0,22,22,
10,3,10003,22,51,22051,Delaware,New Castle County,Louisiana,Jefferson Parish,22,0,22,22,
10,3,10003,25,9,25009,Delaware,New Castle County,Massachusetts,Essex County,22,0,22,22,
10,3,10003,26,125,26125,Delaware,New Castle County,Michigan,Oakland County,22,0,22,22,
10,3,10003,36,7,36007,Delaware,New Castle County,New York,Broome County,22,0,22,22,
10,5,10005,1,19,1019,Delaware,Sussex County,Alabama,Cherokee County,22,0,22,22,
10,5,10005,9,1,9001,Delaware,Sussex County,Connecticut,Fairfield County,22,0,22,22,
10,5,10005,13,103,13103,Delaware,Sussex County,Georgia,Effingham County,22,0,22,22,
10,5,10005,34,15,34015,Delaware,Sussex County,New Jersey,Gloucester County,22,0,22,22,
10,5,10005,36,93,36093,Delaware,Sussex County,New York,Schenectady County,22,0,22,22,
10,5,10005,51,13,51013,Delaware,Sussex County,Virginia,Arlington County,22,0,22,22,
10,5,10005,12,115,12115,Delaware,Sussex County,Florida,Sarasota County,19,3,16,22,
10,3,10003,12,21,12021,Delaware,New Castle County,Florida,Collier County,17,5,12,22,
10,3,10003,6,77,6077,Delaware,New Castle County,California,San Joaquin County,9,13,-4,22,
10,1,10001,1,113,1113,Delaware,Kent County,Alabama,Russell County,2,20,-18,22,
10,1,10001,12,103,12103,Delaware,Kent County,Florida,Pinellas County,0,22,-22,22,
10,1,10001,26,103,26103,Delaware,Kent County,Michigan,Marquette County,0,22,-22,22,
10,3,10003,37,145,37145,Delaware,New Castle County,North Carolina,Person County,0,22,-22,22,
10,3,10003,48,291,48291,Delaware,New Castle County,Texas,Liberty County,0,22,-22,22,
10,3,10003,53,11,53011,Delaware,New Castle County,Washington,Clark County,0,22,-22,22,
10,5,10005,1,83,1083,Delaware,Sussex County,Alabama,Limestone County,0,22,-22,22,
10,5,10005,29,95,29095,Delaware,Sussex County,Missouri,Jackson County,0,22,-22,22,
10,1,10001,12,53,12053,Delaware,Kent County,Florida,Hernando County,21,0,21,21,
10,1,10001,23,5,23005,Delaware,Kent County,Maine,Cumberland County,21,0,21,21,
10,5,10005,34,19,34019,Delaware,Sussex County,New Jersey,Hunterdon County,21,0,21,21,
10,5,10005,34,21,34021,Delaware,Sussex County,New Jersey,Mercer County,21,0,21,21,
10,1,10001,12,105,12105,Delaware,Kent County,Florida,Polk County,10,11,-1,21,
10,3,10003,18,67,18067,Delaware,New Castle County,Indiana,Howard County,9,12,-3,21,
10,1,10001,48,453,48453,Delaware,Kent County,Texas,Travis County,5,16,-11,21,
10,1,10001,40,47,40047,Delaware,Kent County,Oklahoma,Garfield County,0,21,-21,21,
10,3,10003,54,57,54057,Delaware,New Castle County,West Virginia,Mineral County,0,21,-21,21,
10,5,10005,15,3,15003,Delaware,Sussex County,Hawaii,Honolulu County,0,21,-21,21,
10,5,10005,32,510,32510,Delaware,Sussex County,Nevada,Carson City,0,21,-21,21,
10,3,10003,48,27,48027,Delaware,New Castle County,Texas,Bell County,20,0,20,20,
10,5,10005,9,3,9003,Delaware,Sussex County,Connecticut,Hartford County,20,0,20,20,
10,5,10005,33,15,33015,Delaware,Sussex County,New Hampshire,Rockingham County,20,0,20,20,
10,1,10001,53,63,53063,Delaware,Kent County,Washington,Spokane County,12,8,4,20,
10,5,10005,34,39,34039,Delaware,Sussex County,New Jersey,Union County,3,17,-14,20,
10,1,10001,37,87,37087,Delaware,Kent County,North Carolina,Haywood County,0,20,-20,20,
10,1,10001,42,71,42071,Delaware,Kent County,Pennsylvania,Lancaster County,0,20,-20,20,
10,3,10003,12,83,12083,Delaware,New Castle County,Florida,Marion County,0,20,-20,20,
10,3,10003,17,43,17043,Delaware,New Castle County,Illinois,DuPage County,0,20,-20,20,
10,3,10003,51,41,51041,Delaware,New Castle County,Virginia,Chesterfield County,0,20,-20,20,
10,3,10003,51,173,51173,Delaware,New Castle County,Virginia,Smyth County,0,20,-20,20,
10,5,10005,12,61,12061,Delaware,Sussex County,Florida,Indian River County,0,20,-20,20,
10,1,10001,33,15,33015,Delaware,Kent County,New Hampshire,Rockingham County,19,0,19,19,
10,1,10001,42,55,42055,Delaware,Kent County,Pennsylvania,Franklin County,19,0,19,19,
10,5,10005,39,165,39165,Delaware,Sussex County,Ohio,Warren County,19,0,19,19,
10,5,10005,42,95,42095,Delaware,Sussex County,Pennsylvania,Northampton County,15,4,11,19,
10,1,10001,48,113,48113,Delaware,Kent County,Texas,Dallas County,7,12,-5,19,
10,1,10001,24,47,24047,Delaware,Kent County,Maryland,Worcester County,4,15,-11,19,
10,1,10001,36,103,36103,Delaware,Kent County,New York,Suffolk County,4,15,-11,19,
10,3,10003,27,137,27137,Delaware,New Castle County,Minnesota,St. Louis County,1,18,-17,19,
10,1,10001,36,39,36039,Delaware,Kent County,New York,Greene County,0,19,-19,19,
10,3,10003,13,139,13139,Delaware,New Castle County,Georgia,Hall County,0,19,-19,19,
10,3,10003,18,105,18105,Delaware,New Castle County,Indiana,Monroe County,0,19,-19,19,
10,3,10003,19,167,19167,Delaware,New Castle County,Iowa,Sioux County,0,19,-19,19,
10,3,10003,20,133,20133,Delaware,New Castle County,Kansas,Neosho County,0,19,-19,19,
10,3,10003,28,149,28149,Delaware,New Castle County,Mississippi,Warren County,0,19,-19,19,
10,3,10003,41,67,41067,Delaware,New Castle County,Oregon,Washington County,0,19,-19,19,
10,3,10003,72,75,72075,Delaware,New Castle County,Puerto Rico,Juana Díaz Municipio,0,19,-19,19,
10,5,10005,37,19,37019,Delaware,Sussex County,North Carolina,Brunswick County,0,19,-19,19,
10,1,10001,54,3,54003,Delaware,Kent County,West Virginia,Berkeley County,18,0,18,18,
10,3,10003,4,21,4021,Delaware,New Castle County,Arizona,Pinal County,18,0,18,18,
10,3,10003,13,67,13067,Delaware,New Castle County,Georgia,Cobb County,18,0,18,18,
10,3,10003,42,75,42075,Delaware,New Castle County,Pennsylvania,Lebanon County,18,0,18,18,
10,3,10003,54,19,54019,Delaware,New Castle County,West Virginia,Fayette County,18,0,18,18,
10,5,10005,24,29,24029,Delaware,Sussex County,Maryland,Kent County,18,0,18,18,
10,3,10003,8,69,8069,Delaware,New Castle County,Colorado,Larimer County,13,5,8,18,
10,5,10005,6,73,6073,Delaware,Sussex County,California,San Diego County,12,6,6,18,
10,3,10003,13,245,13245,Delaware,New Castle County,Georgia,Richmond County,9,9,0,18,
10,5,10005,51,107,51107,Delaware,Sussex County,Virginia,Loudoun County,9,9,0,18,
10,1,10001,26,163,26163,Delaware,Kent County,Michigan,Wayne County,0,18,-18,18,
10,1,10001,47,113,47113,Delaware,Kent County,Tennessee,Madison County,0,18,-18,18,
10,3,10003,55,135,55135,Delaware,New Castle County,Wisconsin,Waupaca County,0,18,-18,18,
10,5,10005,32,3,32003,Delaware,Sussex County,Nevada,Clark County,0,18,-18,18,
10,1,10001,25,17,25017,Delaware,Kent County,Massachusetts,Middlesex County,17,0,17,17,
10,1,10001,37,101,37101,Delaware,Kent County,North Carolina,Johnston County,17,0,17,17,
10,1,10001,42,129,42129,Delaware,Kent County,Pennsylvania,Westmoreland County,17,0,17,17,
10,1,10001,47,59,47059,Delaware,Kent County,Tennessee,Greene County,17,0,17,17,
10,3,10003,47,93,47093,Delaware,New Castle County,Tennessee,Knox County,17,0,17,17,
10,3,10003,53,67,53067,Delaware,New Castle County,Washington,Thurston County,17,0,17,17,
10,5,10005,17,43,17043,Delaware,Sussex County,Illinois,DuPage County,17,0,17,17,
10,5,10005,24,37,24037,Delaware,Sussex County,Maryland,St. Mary's County,17,0,17,17,
10,5,10005,42,23,42023,Delaware,Sussex County,Pennsylvania,Cameron County,17,0,17,17,
10,5,10005,42,55,42055,Delaware,Sussex County,Pennsylvania,Franklin County,16,1,15,17,
10,1,10001,21,225,21225,Delaware,Kent County,Kentucky,Union County,14,3,11,17,
10,3,10003,33,11,33011,Delaware,New Castle County,New Hampshire,Hillsborough County,13,4,9,17,
10,5,10005,42,69,42069,Delaware,Sussex County,Pennsylvania,Lackawanna County,3,14,-11,17,
10,1,10001,35,35,35035,Delaware,Kent County,New Mexico,Otero County,0,17,-17,17,
10,3,10003,12,87,12087,Delaware,New Castle County,Florida,Monroe County,0,17,-17,17,
10,5,10005,37,81,37081,Delaware,Sussex County,North Carolina,Guilford County,0,17,-17,17,
10,5,10005,54,39,54039,Delaware,Sussex County,West Virginia,Kanawha County,0,17,-17,17,
10,1,10001,42,133,42133,Delaware,Kent County,Pennsylvania,York County,16,0,16,16,
10,1,10001,46,65,46065,Delaware,Kent County,South Dakota,Hughes County,16,0,16,16,
10,1,10001,51,121,51121,Delaware,Kent County,Virginia,Montgomery County,16,0,16,16,
10,1,10001,51,149,51149,Delaware,Kent County,Virginia,Prince George County,16,0,16,16,
10,3,10003,25,1,25001,Delaware,New Castle County,Massachusetts,Barnstable County,16,0,16,16,
10,3,10003,36,67,36067,Delaware,New Castle County,New York,Onondaga County,16,0,16,16,
10,3,10003,45,21,45021,Delaware,New Castle County,South Carolina,Cherokee County,16,0,16,16,
10,5,10005,22,3,22003,Delaware,Sussex County,Louisiana,Allen Parish,16,0,16,16,
10,5,10005,25,13,25013,Delaware,Sussex County,Massachusetts,Hampden County,16,0,16,16,
10,5,10005,40,71,40071,Delaware,Sussex County,Oklahoma,Kay County,16,0,16,16,
10,5,10005,53,35,53035,Delaware,Sussex County,Washington,Kitsap County,16,0,16,16,
10,1,10001,13,153,13153,Delaware,Kent County,Georgia,Houston County,0,16,-16,16,
10,1,10001,15,1,15001,Delaware,Kent County,Hawaii,Hawaii County,0,16,-16,16,
10,1,10001,37,147,37147,Delaware,Kent County,North Carolina,Pitt County,0,16,-16,16,
10,1,10001,47,143,47143,Delaware,Kent County,Tennessee,Rhea County,0,16,-16,16,
10,3,10003,6,31,6031,Delaware,New Castle County,California,Kings County,0,16,-16,16,
10,3,10003,23,13,23013,Delaware,New Castle County,Maine,Knox County,0,16,-16,16,
10,3,10003,39,93,39093,Delaware,New Castle County,Ohio,Lorain County,0,16,-16,16,
10,3,10003,39,103,39103,Delaware,New Castle County,Ohio,Medina County,0,16,-16,16,
10,3,10003,48,491,48491,Delaware,New Castle County,Texas,Williamson County,0,16,-16,16,
10,3,10003,54,65,54065,Delaware,New Castle County,West Virginia,Morgan County,0,16,-16,16,
10,5,10005,12,109,12109,Delaware,Sussex County,Florida,St. Johns County,0,16,-16,16,
10,1,10001,36,65,36065,Delaware,Kent County,New York,Oneida County,15,0,15,15,
10,1,10001,48,29,48029,Delaware,Kent County,Texas,Bexar County,15,0,15,15,
10,1,10001,48,245,48245,Delaware,Kent County,Texas,Jefferson County,15,0,15,15,
10,3,10003,21,67,21067,Delaware,New Castle County,Kentucky,Fayette County,15,0,15,15,
10,3,10003,26,49,26049,Delaware,New Castle County,Michigan,Genesee County,15,0,15,15,
10,3,10003,53,63,53063,Delaware,New Castle County,Washington,Spokane County,15,0,15,15,
10,3,10003,72,119,72119,Delaware,New Castle County,Puerto Rico,Río Grande Municipio,15,0,15,15,
10,5,10005,21,195,21195,Delaware,Sussex County,Kentucky,Pike County,15,0,15,15,
10,5,10005,34,17,34017,Delaware,Sussex County,New Jersey,Hudson County,15,0,15,15,
10,5,10005,45,35,45035,Delaware,Sussex County,South Carolina,Dorchester County,15,0,15,15,
10,5,10005,42,43,42043,Delaware,Sussex County,Pennsylvania,Dauphin County,10,5,5,15,
10,1,10001,34,27,34027,Delaware,Kent County,New Jersey,Morris County,7,8,-1,15,
10,1,10001,6,71,6071,Delaware,Kent County,California,San Bernardino County,2,13,-11,15,
10,1,10001,4,13,4013,Delaware,Kent County,Arizona,Maricopa County,0,15,-15,15,
10,1,10001,12,123,12123,Delaware,Kent County,Florida,Taylor County,0,15,-15,15,
10,1,10001,13,245,13245,Delaware,Kent County,Georgia,Richmond County,0,15,-15,15,
10,3,10003,24,35,24035,Delaware,New Castle County,Maryland,Queen Anne's County,0,15,-15,15,
10,3,10003,35,9,35009,Delaware,New Castle County,New Mexico,Curry County,0,15,-15,15,
10,3,10003,37,95,37095,Delaware,New Castle County,North Carolina,Hyde County,0,15,-15,15,
10,5,10005,55,27,55027,Delaware,Sussex County,Wisconsin,Dodge County,0,15,-15,15,
10,1,10001,6,37,6037,Delaware,Kent County,California,Los Angeles County,14,0,14,14,
10,1,10001,31,55,31055,Delaware,Kent County,Nebraska,Douglas County,14,0,14,14,
10,1,10001,36,71,36071,Delaware,Kent County,New York,Orange County,14,0,14,14,
10,1,10001,41,39,41039,Delaware,Kent County,Oregon,Lane County,14,0,14,14,
10,3,10003,18,89,18089,Delaware,New Castle County,Indiana,Lake County,14,0,14,14,
10,3,10003,25,15,25015,Delaware,New Castle County,Massachusetts,Hampshire County,14,0,14,14,
10,3,10003,27,145,27145,Delaware,New Castle County,Minnesota,Stearns County,14,0,14,14,
10,3,10003,39,151,39151,Delaware,New Castle County,Ohio,Stark County,14,0,14,14,
10,3,10003,44,9,44009,Delaware,New Castle County,Rhode Island,Washington County,14,0,14,14,
10,3,10003,48,419,48419,Delaware,New Castle County,Texas,Shelby County,14,0,14,14,
10,5,10005,12,119,12119,Delaware,Sussex County,Florida,Sumter County,14,0,14,14,
10,5,10005,13,51,13051,Delaware,Sussex County,Georgia,Chatham County,14,0,14,14,
10,5,10005,29,77,29077,Delaware,Sussex County,Missouri,Greene County,14,0,14,14,
10,5,10005,36,105,36105,Delaware,Sussex County,New York,Sullivan County,14,0,14,14,
10,3,10003,37,81,37081,Delaware,New Castle County,North Carolina,Guilford County,6,8,-2,14,
10,3,10003,13,51,13051,Delaware,New Castle County,Georgia,Chatham County,0,14,-14,14,
10,3,10003,18,173,18173,Delaware,New Castle County,Indiana,Warrick County,0,14,-14,14,
10,3,10003,29,510,29510,Delaware,New Castle County,Missouri,St. Louis city,0,14,-14,14,
10,3,10003,47,57,47057,Delaware,New Castle County,Tennessee,Grainger County,0,14,-14,14,
10,3,10003,51,67,51067,Delaware,New Castle County,Virginia,Franklin County,0,14,-14,14,
10,5,10005,35,13,35013,Delaware,Sussex County,New Mexico,Doña Ana County,0,14,-14,14,
10,1,10001,8,77,8077,Delaware,Kent County,Colorado,Mesa County,13,0,13,13,
10,1,10001,12,111,12111,Delaware,Kent County,Florida,St. Lucie County,13,0,13,13,
10,1,10001,34,23,34023,Delaware,Kent County,New Jersey,Middlesex County,13,0,13,13,
10,1,10001,36,5,36005,Delaware,Kent County,New York,Bronx County,13,0,13,13,
10,3,10003,37,85,37085,Delaware,New Castle County,North Carolina,Harnett County,13,0,13,13,
10,3,10003,39,5,39005,Delaware,New Castle County,Ohio,Ashland County,13,0,13,13,
10,3,10003,45,45,45045,Delaware,New Castle County,South Carolina,Greenville County,13,0,13,13,
10,5,10005,6,67,6067,Delaware,Sussex County,California,Sacramento County,13,0,13,13,
10,5,10005,35,43,35043,Delaware,Sussex County,New Mexico,Sandoval County,13,0,13,13,
10,5,10005,36,79,36079,Delaware,Sussex County,New York,Putnam County,13,0,13,13,
10,5,10005,42,39,42039,Delaware,Sussex County,Pennsylvania,Crawford County,13,0,13,13,
10,5,10005,42,89,42089,Delaware,Sussex County,Pennsylvania,Monroe County,13,0,13,13,
10,5,10005,45,45,45045,Delaware,Sussex County,South Carolina,Greenville County,13,0,13,13,
10,1,10001,45,31,45031,Delaware,Kent County,South Carolina,Darlington County,0,13,-13,13,
10,1,10001,45,77,45077,Delaware,Kent County,South Carolina,Pickens County,0,13,-13,13,
10,3,10003,31,13,31013,Delaware,New Castle County,Nebraska,Box Butte County,0,13,-13,13,
10,3,10003,36,69,36069,Delaware,New Castle County,New York,Ontario County,0,13,-13,13,
10,3,10003,39,149,39149,Delaware,New Castle County,Ohio,Shelby County,0,13,-13,13,
10,3,10003,40,27,40027,Delaware,New Castle County,Oklahoma,Cleveland County,0,13,-13,13,
10,5,10005,12,99,12099,Delaware,Sussex County,Florida,Palm Beach County,0,13,-13,13,
10,5,10005,27,119,27119,Delaware,Sussex County,Minnesota,Polk County,0,13,-13,13,
10,5,10005,36,77,36077,Delaware,Sussex County,New York,Otsego County,0,13,-13,13,
10,1,10001,12,113,12113,Delaware,Kent County,Florida,Santa Rosa County,12,0,12,12,
10,1,10001,12,127,12127,Delaware,Kent County,Florida,Volusia County,12,0,12,12,
10,1,10001,36,31,36031,Delaware,Kent County,New York,Essex County,12,0,12,12,
10,3,10003,23,3,23003,Delaware,New Castle County,Maine,Aroostook County,12,0,12,12,
10,3,10003,24,9,24009,Delaware,New Castle County,Maryland,Calvert County,12,0,12,12,
10,3,10003,24,41,24041,Delaware,New Castle County,Maryland,Talbot County,12,0,12,12,
10,3,10003,26,21,26021,Delaware,New Castle County,Michigan,Berrien County,12,0,12,12,
10,3,10003,30,89,30089,Delaware,New Castle County,Montana,Sanders County,12,0,12,12,
10,5,10005,42,61,42061,Delaware,Sussex County,Pennsylvania,Huntingdon County,12,0,12,12,
10,5,10005,54,23,54023,Delaware,Sussex County,West Virginia,Grant County,12,0,12,12,
10,5,10005,12,101,12101,Delaware,Sussex County,Florida,Pasco County,5,7,-2,12,
10,3,10003,39,25,39025,Delaware,New Castle County,Ohio,Clermont County,2,10,-8,12,
10,1,10001,12,99,12099,Delaware,Kent County,Florida,Palm Beach County,0,12,-12,12,
10,1,10001,35,43,35043,Delaware,Kent County,New Mexico,Sandoval County,0,12,-12,12,
10,1,10001,36,11,36011,Delaware,Kent County,New York,Cayuga County,0,12,-12,12,
10,3,10003,12,17,12017,Delaware,New Castle County,Florida,Citrus County,0,12,-12,12,
10,3,10003,13,59,13059,Delaware,New Castle County,Georgia,Clarke County,0,12,-12,12,
10,3,10003,26,55,26055,Delaware,New Castle County,Michigan,Grand Traverse County,0,12,-12,12,
10,3,10003,29,43,29043,Delaware,New Castle County,Missouri,Christian County,0,12,-12,12,
10,3,10003,39,99,39099,Delaware,New Castle County,Ohio,Mahoning County,0,12,-12,12,
10,3,10003,47,99,47099,Delaware,New Castle County,Tennessee,Lawrence County,0,12,-12,12,
10,3,10003,51,678,51678,Delaware,New Castle County,Virginia,Lexington city,0,12,-12,12,
10,3,10003,54,77,54077,Delaware,New Castle County,West Virginia,Preston County,0,12,-12,12,
10,5,10005,42,113,42113,Delaware,Sussex County,Pennsylvania,Sullivan County,0,12,-12,12,
10,5,10005,51,83,51083,Delaware,Sussex County,Virginia,Halifax County,0,12,-12,12,
10,1,10001,22,105,22105,Delaware,Kent County,Louisiana,Tangipahoa Parish,11,0,11,11,
10,1,10001,24,21,24021,Delaware,Kent County,Maryland,Frederick County,11,0,11,11,
10,1,10001,27,53,27053,Delaware,Kent County,Minnesota,Hennepin County,11,0,11,11,
10,3,10003,44,3,44003,Delaware,New Castle County,Rhode Island,Kent County,11,0,11,11,
10,5,10005,42,21,42021,Delaware,Sussex County,Pennsylvania,Cambria County,11,0,11,11,
10,5,10005,51,91,51091,Delaware,Sussex County,Virginia,Highland County,11,0,11,11,
10,1,10001,47,51,47051,Delaware,Kent County,Tennessee,Franklin County,6,5,1,11,
10,1,10001,13,31,13031,Delaware,Kent County,Georgia,Bulloch County,0,11,-11,11,
10,1,10001,40,63,40063,Delaware,Kent County,Oklahoma,Hughes County,0,11,-11,11,
10,3,10003,48,167,48167,Delaware,New Castle County,Texas,Galveston County,0,11,-11,11,
10,5,10005,21,3,21003,Delaware,Sussex County,Kentucky,Allen County,0,11,-11,11,
10,5,10005,23,19,23019,Delaware,Sussex County,Maine,Penobscot County,0,11,-11,11,
10,5,10005,50,1,50001,Delaware,Sussex County,Vermont,Addison County,0,11,-11,11,
10,1,10001,29,169,29169,Delaware,Kent County,Missouri,Pulaski County,10,0,10,10,
10,1,10001,48,441,48441,Delaware,Kent County,Texas,Taylor County,10,0,10,10,
10,1,10001,51,41,51041,Delaware,Kent County,Virginia,Chesterfield County,10,0,10,10,
10,3,10003,6,13,6013,Delaware,New Castle County,California,Contra Costa County,10,0,10,10,
10,3,10003,12,55,12055,Delaware,New Castle County,Florida,Highlands County,10,0,10,10,
10,3,10003,12,105,12105,Delaware,New Castle County,Florida,Polk County,10,0,10,10,
10,3,10003,16,55,16055,Delaware,New Castle County,Idaho,Kootenai County,10,0,10,10,
10,3,10003,18,51,18051,Delaware,New Castle County,Indiana,Gibson County,10,0,10,10,
10,3,10003,29,19,29019,Delaware,New Castle County,Missouri,Boone County,10,0,10,10,
10,3,10003,36,79,36079,Delaware,New Castle County,New York,Putnam County,10,0,10,10,
10,3,10003,47,65,47065,Delaware,New Castle County,Tennessee,Hamilton County,10,0,10,10,
10,3,10003,51,730,51730,Delaware,New Castle County,Virginia,Petersburg city,10,0,10,10,
10,1,10001,31,153,31153,Delaware,Kent County,Nebraska,Sarpy County,6,4,2,10,
10,1,10001,51,700,51700,Delaware,Kent County,Virginia,Newport News city,3,7,-4,10,
10,1,10001,5,119,5119,Delaware,Kent County,Arkansas,Pulaski County,0,10,-10,10,
10,1,10001,21,211,21211,Delaware,Kent County,Kentucky,Shelby County,0,10,-10,10,
10,1,10001,42,5,42005,Delaware,Kent County,Pennsylvania,Armstrong County,0,10,-10,10,
10,1,10001,42,13,42013,Delaware,Kent County,Pennsylvania,Blair County,0,10,-10,10,
10,3,10003,23,11,23011,Delaware,New Castle County,Maine,Kennebec County,0,10,-10,10,
10,3,10003,27,61,27061,Delaware,New Castle County,Minnesota,Itasca County,0,10,-10,10,
10,3,10003,35,49,35049,Delaware,New Castle County,New Mexico,Santa Fe County,0,10,-10,10,
10,3,10003,36,93,36093,Delaware,New Castle County,New York,Schenectady County,0,10,-10,10,
10,3,10003,37,11,37011,Delaware,New Castle County,North Carolina,Avery County,0,10,-10,10,
10,3,10003,40,147,40147,Delaware,New Castle County,Oklahoma,Washington County,0,10,-10,10,
10,3,10003,48,215,48215,Delaware,New Castle County,Texas,Hidalgo County,0,10,-10,10,
10,1,10001,1,117,1117,Delaware,Kent County,Alabama,Shelby County,9,0,9,9,
10,1,10001,20,173,20173,Delaware,Kent County,Kansas,Sedgwick County,9,0,9,9,
10,1,10001,22,33,22033,Delaware,Kent County,Louisiana,East Baton Rouge Parish,9,0,9,9,
10,1,10001,37,51,37051,Delaware,Kent County,North Carolina,Cumberland County,9,0,9,9,
10,3,10003,1,113,1113,Delaware,New Castle County,Alabama,Russell County,9,0,9,9,
10,3,10003,37,51,37051,Delaware,New Castle County,North Carolina,Cumberland County,9,0,9,9,
10,3,10003,55,79,55079,Delaware,New Castle County,Wisconsin,Milwaukee County,9,0,9,9,
10,3,10003,56,21,56021,Delaware,New Castle County,Wyoming,Laramie County,9,0,9,9,
10,5,10005,1,3,1003,Delaware,Sussex County,Alabama,Baldwin County,9,0,9,9,
10,5,10005,13,121,13121,Delaware,Sussex County,Georgia,Fulton County,9,0,9,9,
10,5,10005,17,197,17197,Delaware,Sussex County,Illinois,Will County,9,0,9,9,
10,5,10005,21,47,21047,Delaware,Sussex County,Kentucky,Christian County,9,0,9,9,
10,5,10005,51,510,51510,Delaware,Sussex County,Virginia,Alexandria city,9,0,9,9,
10,3,10003,20,173,20173,Delaware,New Castle County,Kansas,Sedgwick County,4,5,-1,9,
10,1,10001,1,89,1089,Delaware,Kent County,Alabama,Madison County,0,9,-9,9,
10,1,10001,25,27,25027,Delaware,Kent County,Massachusetts,Worcester County,0,9,-9,9,
10,1,10001,37,49,37049,Delaware,Kent County,North Carolina,Craven County,0,9,-9,9,
10,1,10001,40,27,40027,Delaware,Kent County,Oklahoma,Cleveland County,0,9,-9,9,
10,1,10001,42,37,42037,Delaware,Kent County,Pennsylvania,Columbia County,0,9,-9,9,
10,1,10001,42,69,42069,Delaware,Kent County,Pennsylvania,Lackawanna County,0,9,-9,9,
10,3,10003,17,103,17103,Delaware,New Castle County,Illinois,Lee County,0,9,-9,9,
10,3,10003,39,45,39045,Delaware,New Castle County,Ohio,Fairfield County,0,9,-9,9,
10,3,10003,45,69,45069,Delaware,New Castle County,South Carolina,Marlboro County,0,9,-9,9,
10,3,10003,51,5,51005,Delaware,New Castle County,Virginia,Alleghany County,0,9,-9,9,
10,3,10003,51,95,51095,Delaware,New Castle County,Virginia,James City County,0,9,-9,9,
10,3,10003,53,73,53073,Delaware,New Castle County,Washington,Whatcom County,0,9,-9,9,
10,5,10005,6,59,6059,Delaware,Sussex County,California,Orange County,0,9,-9,9,
10,5,10005,51,77,51077,Delaware,Sussex County,Virginia,Grayson County,0,9,-9,9,
10,5,10005,54,57,54057,Delaware,Sussex County,West Virginia,Mineral County,0,9,-9,9,
10,1,10001,8,41,8041,Delaware,Kent County,Colorado,El Paso County,8,0,8,8,
10,1,10001,34,33,34033,Delaware,Kent County,New Jersey,Salem County,8,0,8,8,
10,1,10001,36,27,36027,Delaware,Kent County,New York,Dutchess County,8,0,8,8,
10,1,10001,36,59,36059,Delaware,Kent County,New York,Nassau County,8,0,8,8,
10,1,10001,72,21,72021,Delaware,Kent County,Puerto Rico,Bayamón Municipio,8,0,8,8,
10,3,10003,1,89,1089,Delaware,New Castle County,Alabama,Madison County,8,0,8,8,
10,3,10003,17,161,17161,Delaware,New Castle County,Illinois,Rock Island County,8,0,8,8,
10,3,10003,29,95,29095,Delaware,New Castle County,Missouri,Jackson County,8,0,8,8,
10,5,10005,25,17,25017,Delaware,Sussex County,Massachusetts,Middlesex County,8,0,8,8,
10,5,10005,37,45,37045,Delaware,Sussex County,North Carolina,Cleveland County,8,0,8,8,
10,5,10005,51,760,51760,Delaware,Sussex County,Virginia,Richmond city,8,0,8,8,
10,3,10003,51,540,51540,Delaware,New Castle County,Virginia,Charlottesville city,2,6,-4,8,
10,3,10003,26,53,26053,Delaware,New Castle County,Michigan,Gogebic County,0,8,-8,8,
10,3,10003,37,21,37021,Delaware,New Castle County,North Carolina,Buncombe County,0,8,-8,8,
10,3,10003,37,77,37077,Delaware,New Castle County,North Carolina,Granville County,0,8,-8,8,
10,3,10003,37,171,37171,Delaware,New Castle County,North Carolina,Surry County,0,8,-8,8,
10,3,10003,38,85,38085,Delaware,New Castle County,North Dakota,Sioux County,0,8,-8,8,
10,3,10003,42,7,42007,Delaware,New Castle County,Pennsylvania,Beaver County,0,8,-8,8,
10,3,10003,42,19,42019,Delaware,New Castle County,Pennsylvania,Butler County,0,8,-8,8,
10,3,10003,42,83,42083,Delaware,New Castle County,Pennsylvania,McKean County,0,8,-8,8,
10,3,10003,42,111,42111,Delaware,New Castle County,Pennsylvania,Somerset County,0,8,-8,8,
10,3,10003,50,19,50019,Delaware,New Castle County,Vermont,Orleans County,0,8,-8,8,
10,5,10005,12,86,12086,Delaware,Sussex County,Florida,Miami-Dade County,0,8,-8,8,
10,5,10005,36,49,36049,Delaware,Sussex County,New York,Lewis County,0,8,-8,8,
10,5,10005,37,107,37107,Delaware,Sussex County,North Carolina,Lenoir County,0,8,-8,8,
10,5,10005,37,183,37183,Delaware,Sussex County,North Carolina,Wake County,0,8,-8,8,
10,5,10005,45,79,45079,Delaware,Sussex County,South Carolina,Richland County,0,8,-8,8,
10,5,10005,48,485,48485,Delaware,Sussex County,Texas,Wichita County,0,8,-8,8,
10,5,10005,54,9,54009,Delaware,Sussex County,West Virginia,Brooke County,0,8,-8,8,
10,1,10001,1,83,1083,Delaware,Kent County,Alabama,Limestone County,7,0,7,7,
10,1,10001,6,1,6001,Delaware,Kent County,California,Alameda County,7,0,7,7,
10,1,10001,36,85,36085,Delaware,Kent County,New York,Richmond County,7,0,7,7,
10,1,10001,39,57,39057,Delaware,Kent County,Ohio,Greene County,7,0,7,7,
10,1,10001,39,113,39113,Delaware,Kent County,Ohio,Montgomery County,7,0,7,7,
10,1,10001,45,19,45019,Delaware,Kent County,South Carolina,Charleston County,7,0,7,7,
10,1,10001,48,61,48061,Delaware,Kent County,Texas,Cameron County,7,0,7,7,
10,1,10001,48,465,48465,Delaware,Kent County,Texas,Val Verde County,7,0,7,7,
10,3,10003,22,103,22103,Delaware,New Castle County,Louisiana,St. Tammany Parish,7,0,7,7,
10,3,10003,37,197,37197,Delaware,New Castle County,North Carolina,Yadkin County,7,0,7,7,
10,5,10005,42,131,42131,Delaware,Sussex County,Pennsylvania,Wyoming County,7,0,7,7,
10,5,10005,45,85,45085,Delaware,Sussex County,South Carolina,Sumter County,7,0,7,7,
10,1,10001,19,49,19049,Delaware,Kent County,Iowa,Dallas County,0,7,-7,7,
10,1,10001,48,133,48133,Delaware,Kent County,Texas,Eastland County,0,7,-7,7,
10,3,10003,2,110,2110,Delaware,New Castle County,Alaska,Juneau City and Borough,0,7,-7,7,
10,3,10003,12,97,12097,Delaware,New Castle County,Florida,Osceola County,0,7,-7,7,
10,3,10003,37,49,37049,Delaware,New Castle County,North Carolina,Craven County,0,7,-7,7,
10,3,10003,37,79,37079,Delaware,New Castle County,North Carolina,Greene County,0,7,-7,7,
10,3,10003,39,9,39009,Delaware,New Castle County,Ohio,Athens County,0,7,-7,7,
10,3,10003,47,9,47009,Delaware,New Castle County,Tennessee,Blount County,0,7,-7,7,
10,3,10003,54,9,54009,Delaware,New Castle County,West Virginia,Brooke County,0,7,-7,7,
10,3,10003,54,37,54037,Delaware,New Castle County,West Virginia,Jefferson County,0,7,-7,7,
10,5,10005,12,3,12003,Delaware,Sussex County,Florida,Baker County,0,7,-7,7,
10,5,10005,29,169,29169,Delaware,Sussex County,Missouri,Pulaski County,0,7,-7,7,
10,5,10005,37,149,37149,Delaware,Sussex County,North Carolina,Polk County,0,7,-7,7,
10,5,10005,47,165,47165,Delaware,Sussex County,Tennessee,Sumner County,0,7,-7,7,
10,5,10005,54,37,54037,Delaware,Sussex County,West Virginia,Jefferson County,0,7,-7,7,
10,1,10001,6,111,6111,Delaware,Kent County,California,Ventura County,6,0,6,6,
10,1,10001,20,193,20193,Delaware,Kent County,Kansas,Thomas County,6,0,6,6,
10,1,10001,48,339,48339,Delaware,Kent County,Texas,Montgomery County,6,0,6,6,
10,3,10003,37,169,37169,Delaware,New Castle County,North Carolina,Stokes County,6,0,6,6,
10,3,10003,51,69,51069,Delaware,New Castle County,Virginia,Frederick County,6,0,6,6,
10,3,10003,54,49,54049,Delaware,New Castle County,West Virginia,Marion County,6,0,6,6,
10,5,10005,47,157,47157,Delaware,Sussex County,Tennessee,Shelby County,6,0,6,6,
10,1,10001,25,3,25003,Delaware,Kent County,Massachusetts,Berkshire County,0,6,-6,6,
10,1,10001,36,109,36109,Delaware,Kent County,New York,Tompkins County,0,6,-6,6,
10,1,10001,45,63,45063,Delaware,Kent County,South Carolina,Lexington County,0,6,-6,6,
10,3,10003,6,53,6053,Delaware,New Castle County,California,Monterey County,0,6,-6,6,
10,3,10003,6,61,6061,Delaware,New Castle County,California,Placer County,0,6,-6,6,
10,3,10003,8,35,8035,Delaware,New Castle County,Colorado,Douglas County,0,6,-6,6,
10,3,10003,12,89,12089,Delaware,New Castle County,Florida,Nassau County,0,6,-6,6,
10,3,10003,18,97,18097,Delaware,New Castle County,Indiana,Marion County,0,6,-6,6,
10,3,10003,23,29,23029,Delaware,New Castle County,Maine,Washington County,0,6,-6,6,
10,3,10003,41,27,41027,Delaware,New Castle County,Oregon,Hood River County,0,6,-6,6,
10,3,10003,42,49,42049,Delaware,New Castle County,Pennsylvania,Erie County,0,6,-6,6,
10,3,10003,51,145,51145,Delaware,New Castle County,Virginia,Powhatan County,0,6,-6,6,
10,3,10003,54,69,54069,Delaware,New Castle County,West Virginia,Ohio County,0,6,-6,6,
10,5,10005,12,89,12089,Delaware,Sussex County,Florida,Nassau County,0,6,-6,6,
10,5,10005,37,111,37111,Delaware,Sussex County,North Carolina,McDowell County,0,6,-6,6,
10,1,10001,13,47,13047,Delaware,Kent County,Georgia,Catoosa County,5,0,5,5,
10,1,10001,22,11,22011,Delaware,Kent County,Louisiana,Beauregard Parish,5,0,5,5,
10,1,10001,26,99,26099,Delaware,Kent County,Michigan,Macomb County,5,0,5,5,
10,1,10001,40,19,40019,Delaware,Kent County,Oklahoma,Carter County,5,0,5,5,
10,1,10001,51,73,51073,Delaware,Kent County,Virginia,Gloucester County,5,0,5,5,
10,3,10003,37,37,37037,Delaware,New Castle County,North Carolina,Chatham County,5,0,5,5,
10,3,10003,37,45,37045,Delaware,New Castle County,North Carolina,Cleveland County,5,0,5,5,
10,3,10003,37,63,37063,Delaware,New Castle County,North Carolina,Durham County,5,0,5,5,
10,3,10003,47,3,47003,Delaware,New Castle County,Tennessee,Bedford County,5,0,5,5,
10,5,10005,36,61,36061,Delaware,Sussex County,New York,New York County,5,0,5,5,
10,5,10005,37,135,37135,Delaware,Sussex County,North Carolina,Orange County,5,0,5,5,
10,1,10001,6,29,6029,Delaware,Kent County,California,Kern County,0,5,-5,5,
10,1,10001,30,13,30013,Delaware,Kent County,Montana,Cascade County,0,5,-5,5,
10,1,10001,31,25,31025,Delaware,Kent County,Nebraska,Cass County,0,5,-5,5,
10,1,10001,34,19,34019,Delaware,Kent County,New Jersey,Hunterdon County,0,5,-5,5,
10,1,10001,37,139,37139,Delaware,Kent County,North Carolina,Pasquotank County,0,5,-5,5,
10,3,10003,24,1,24001,Delaware,New Castle County,Maryland,Allegany County,0,5,-5,5,
10,3,10003,36,19,36019,Delaware,New Castle County,New York,Clinton County,0,5,-5,5,
10,3,10003,37,159,37159,Delaware,New Castle County,North Carolina,Rowan County,0,5,-5,5,
10,5,10005,37,157,37157,Delaware,Sussex County,North Carolina,Rockingham County,0,5,-5,5,
10,5,10005,41,39,41039,Delaware,Sussex County,Oregon,Lane County,0,5,-5,5,
10,5,10005,42,107,42107,Delaware,Sussex County,Pennsylvania,Schuylkill County,0,5,-5,5,
10,5,10005,47,23,47023,Delaware,Sussex County,Tennessee,Chester County,0,5,-5,5,
10,1,10001,18,103,18103,Delaware,Kent County,Indiana,Miami County,4,0,4,4,
10,1,10001,36,23,36023,Delaware,Kent County,New York,Cortland County,4,0,4,4,
10,1,10001,53,67,53067,Delaware,Kent County,Washington,Thurston County,4,0,4,4,
10,3,10003,12,109,12109,Delaware,New Castle County,Florida,St. Johns County,4,0,4,4,
10,3,10003,13,117,13117,Delaware,New Castle County,Georgia,Forsyth County,4,0,4,4,
10,3,10003,17,97,17097,Delaware,New Castle County,Illinois,Lake County,4,0,4,4,
10,3,10003,25,23,25023,Delaware,New Castle County,Massachusetts,Plymouth County,4,0,4,4,
10,3,10003,31,55,31055,Delaware,New Castle County,Nebraska,Douglas County,4,0,4,4,
10,3,10003,53,75,53075,Delaware,New Castle County,Washington,Whitman County,4,0,4,4,
10,5,10005,51,141,51141,Delaware,Sussex County,Virginia,Patrick County,4,0,4,4,
10,1,10001,4,3,4003,Delaware,Kent County,Arizona,Cochise County,0,4,-4,4,
10,3,10003,2,13,2013,Delaware,New Castle County,Alaska,Aleutians East Borough,0,4,-4,4,
10,3,10003,36,71,36071,Delaware,New Castle County,New York,Orange County,0,4,-4,4,
10,3,10003,37,27,37027,Delaware,New Castle County,North Carolina,Caldwell County,0,4,-4,4,
10,3,10003,40,41,40041,Delaware,New Castle County,Oklahoma,Delaware County,0,4,-4,4,
10,1,10001,18,167,18167,Delaware,Kent County,Indiana,Vigo County,3,0,3,3,
10,1,10001,22,61,22061,Delaware,Kent County,Louisiana,Lincoln Parish,3,0,3,3,
10,1,10001,36,63,36063,Delaware,Kent County,New York,Niagara County,3,0,3,3,
10,1,10001,37,119,37119,Delaware,Kent County,North Carolina,Mecklenburg County,3,0,3,3,
10,1,10001,37,159,37159,Delaware,Kent County,North Carolina,Rowan County,3,0,3,3,
10,1,10001,37,169,37169,Delaware,Kent County,North Carolina,Stokes County,3,0,3,3,
10,1,10001,48,141,48141,Delaware,Kent County,Texas,El Paso County,3,0,3,3,
10,1,10001,48,485,48485,Delaware,Kent County,Texas,Wichita County,3,0,3,3,
10,1,10001,49,49,49049,Delaware,Kent County,Utah,Utah County,3,0,3,3,
10,3,10003,12,127,12127,Delaware,New Castle County,Florida,Volusia County,3,0,3,3,
10,3,10003,13,207,13207,Delaware,New Castle County,Georgia,Monroe County,3,0,3,3,
10,3,10003,16,65,16065,Delaware,New Castle County,Idaho,Madison County,3,0,3,3,
10,3,10003,27,131,27131,Delaware,New Castle County,Minnesota,Rice County,3,0,3,3,
10,3,10003,36,39,36039,Delaware,New Castle County,New York,Greene County,3,0,3,3,
10,3,10003,37,131,37131,Delaware,New Castle County,North Carolina,Northampton County,3,0,3,3,
10,3,10003,40,9,40009,Delaware,New Castle County,Oklahoma,Beckham County,3,0,3,3,
10,3,10003,53,53,53053,Delaware,New Castle County,Washington,Pierce County,3,0,3,3,
10,5,10005,9,11,9011,Delaware,Sussex County,Connecticut,New London County,3,0,3,3,
10,5,10005,12,69,12069,Delaware,Sussex County,Florida,Lake County,3,0,3,3,
10,5,10005,25,7,25007,Delaware,Sussex County,Massachusetts,Dukes County,3,0,3,3,
10,5,10005,25,23,25023,Delaware,Sussex County,Massachusetts,Plymouth County,3,0,3,3,
10,5,10005,29,19,29019,Delaware,Sussex County,Missouri,Boone County,3,0,3,3,
10,5,10005,34,27,34027,Delaware,Sussex County,New Jersey,Morris County,3,0,3,3,
10,5,10005,36,27,36027,Delaware,Sussex County,New York,Dutchess County,3,0,3,3,
10,5,10005,45,41,45041,Delaware,Sussex County,South Carolina,Florence County,3,0,3,3,
10,1,10001,17,21,17021,Delaware,Kent County,Illinois,Christian County,0,3,-3,3,
10,1,10001,17,25,17025,Delaware,Kent County,Illinois,Clay County,0,3,-3,3,
10,1,10001,27,123,27123,Delaware,Kent County,Minnesota,Ramsey County,0,3,-3,3,
10,1,10001,42,9,42009,Delaware,Kent County,Pennsylvania,Bedford County,0,3,-3,3,
10,1,10001,48,401,48401,Delaware,Kent County,Texas,Rusk County,0,3,-3,3,
10,3,10003,6,115,6115,Delaware,New Castle County,California,Yuba County,0,3,-3,3,
10,3,10003,17,11,17011,Delaware,New Castle County,Illinois,Bureau County,0,3,-3,3,
10,3,10003,17,137,17137,Delaware,New Castle County,Illinois,Morgan County,0,3,-3,3,
10,3,10003,26,163,26163,Delaware,New Castle County,Michigan,Wayne County,0,3,-3,3,
10,3,10003,37,9,37009,Delaware,New Castle County,North Carolina,Ashe County,0,3,-3,3,
10,3,10003,39,113,39113,Delaware,New Castle County,Ohio,Montgomery County,0,3,-3,3,
10,3,10003,42,1,42001,Delaware,New Castle County,Pennsylvania,Adams County,0,3,-3,3,
10,3,10003,42,55,42055,Delaware,New Castle County,Pennsylvania,Franklin County,0,3,-3,3,
10,3,10003,42,105,42105,Delaware,New Castle County,Pennsylvania,Potter County,0,3,-3,3,
10,3,10003,42,107,42107,Delaware,New Castle County,Pennsylvania,Schuylkill County,0,3,-3,3,
10,3,10003,51,1,51001,Delaware,New Castle County,Virginia,Accomack County,0,3,-3,3,
10,3,10003,55,137,55137,Delaware,New Castle County,Wisconsin,Waushara County,0,3,-3,3,
10,5,10005,36,17,36017,Delaware,Sussex County,New York,Chenango County,0,3,-3,3,
10,5,10005,54,33,54033,Delaware,Sussex County,West Virginia,Harrison County,0,3,-3,3,
10,5,10005,55,73,55073,Delaware,Sussex County,Wisconsin,Marathon County,0,3,-3,3,
10,1,10001,36,67,36067,Delaware,Kent County,New York,Onondaga County,2,0,2,2,
10,1,10001,37,71,37071,Delaware,Kent County,North Carolina,Gaston County,2,0,2,2,
10,1,10001,51,9,51009,Delaware,Kent County,Virginia,Amherst County,2,0,2,2,
10,1,10001,51,107,51107,Delaware,Kent County,Virginia,Loudoun County,2,0,2,2,
10,3,10003,6,95,6095,Delaware,New Castle County,California,Solano County,2,0,2,2,
10,3,10003,13,9,13009,Delaware,New Castle County,Georgia,Baldwin County,2,0,2,2,
10,3,10003,18,83,18083,Delaware,New Castle County,Indiana,Knox County,2,0,2,2,
10,3,10003,19,153,19153,Delaware,New Castle County,Iowa,Polk County,2,0,2,2,
10,3,10003,27,123,27123,Delaware,New Castle County,Minnesota,Ramsey County,2,0,2,2,
10,3,10003,39,89,39089,Delaware,New Castle County,Ohio,Licking County,2,0,2,2,
10,5,10005,37,163,37163,Delaware,Sussex County,North Carolina,Sampson County,2,0,2,2,
10,5,10005,42,111,42111,Delaware,Sussex County,Pennsylvania,Somerset County,2,0,2,2,
10,5,10005,54,31,54031,Delaware,Sussex County,West Virginia,Hardy County,2,0,2,2,
10,1,10001,29,53,29053,Delaware,Kent County,Missouri,Cooper County,0,2,-2,2,
10,1,10001,38,35,38035,Delaware,Kent County,North Dakota,Grand Forks County,0,2,-2,2,
10,1,10001,40,31,40031,Delaware,Kent County,Oklahoma,Comanche County,0,2,-2,2,
10,1,10001,42,15,42015,Delaware,Kent County,Pennsylvania,Bradford County,0,2,-2,2,
10,3,10003,13,185,13185,Delaware,New Castle County,Georgia,Lowndes County,0,2,-2,2,
10,3,10003,36,45,36045,Delaware,New Castle County,New York,Jefferson County,0,2,-2,2,
10,3,10003,42,25,42025,Delaware,New Castle County,Pennsylvania,Carbon County,0,2,-2,2,
10,3,10003,47,51,47051,Delaware,New Castle County,Tennessee,Franklin County,0,2,-2,2,
10,3,10003,51,93,51093,Delaware,New Castle County,Virginia,Isle of Wight County,0,2,-2,2,
10,5,10005,39,5,39005,Delaware,Sussex County,Ohio,Ashland County,0,2,-2,2,
10,5,10005,54,81,54081,Delaware,Sussex County,West Virginia,Raleigh County,0,2,-2,2,
10,1,10001,1,77,1077,Delaware,Kent County,Alabama,Lauderdale County,1,0,1,1,
10,1,10001,35,5,35005,Delaware,Kent County,New Mexico,Chaves County,1,0,1,1,
10,3,10003,13,191,13191,Delaware,New Castle County,Georgia,McIntosh County,1,0,1,1,
10,3,10003,36,53,36053,Delaware,New Castle County,New York,Madison County,1,0,1,1,
10,3,10003,40,131,40131,Delaware,New Castle County,Oklahoma,Rogers County,1,0,1,1,
10,5,10005,37,21,37021,Delaware,Sussex County,North Carolina,Buncombe County,1,0,1,1,
10,5,10005,51,185,51185,Delaware,Sussex County,Virginia,Tazewell County,1,0,1,1,
10,1,10001,21,235,21235,Delaware,Kent County,Kentucky,Whitley County,0,1,-1,1,
10,1,10001,26,149,26149,Delaware,Kent County,Michigan,St. Joseph County,0,1,-1,1,
10,1,10001,28,87,28087,Delaware,Kent County,Mississippi,Lowndes County,0,1,-1,1,
10,1,10001,28,105,28105,Delaware,Kent County,Mississippi,Oktibbeha County,0,1,-1,1,
10,1,10001,42,81,42081,Delaware,Kent County,Pennsylvania,Lycoming County,0,1,-1,1,
10,1,10001,42,121,42121,Delaware,Kent County,Pennsylvania,Venango County,0,1,-1,1,
10,3,10003,12,121,12121,Delaware,New Castle County,Florida,Suwannee County,0,1,-1,1,
10,3,10003,48,15,48015,Delaware,New Castle County,Texas,Austin County,0,1,-1,1,
10,3,10003,48,109,48109,Delaware,New Castle County,Texas,Culberson County,0,1,-1,1,
10,3,10003,48,231,48231,Delaware,New Castle County,Texas,Hunt County,0,1,-1,1,
10,3,10003,48,355,48355,Delaware,New Castle County,Texas,Nueces County,0,1,-1,1,
10,3,10003,48,479,48479,Delaware,New Castle County,Texas,Webb County,0,1,-1,1,
10,3,10003,51,61,51061,Delaware,New Castle County,Virginia,Fauquier County,0,1,-1,1,
10,3,10003,51,147,51147,Delaware,New Castle County,Virginia,Prince Edward County,0,1,-1,1,
10,5,10005,42,33,42033,Delaware,Sussex County,Pennsylvania,Clearfield County,0,1,-1,1,
10,5,10005,42,99,42099,Delaware,Sussex County,Pennsylvania,Perry County,0,1,-1,1,
10,5,10005,42,119,42119,Delaware,Sussex County,Pennsylvania,Union County,0,1,-1,1,
10,5,10005,51,131,51131,Delaware,Sussex County,Virginia,Northampton County,0,1,-1,1,
10,5,10005,54,47,54047,Delaware,Sussex County,West Virginia,McDowell County,0,1,-1,1,
10,5,10005,54,51,54051,Delaware,Sussex County,West Virginia,Marshall County,0,1,-1,1,
10,1,10001,AFR,0,AFR000,Delaware,Kent County,Africa,-,14,,,,
10,1,10001,ASI,0,ASI000,Delaware,Kent County,Asia,-,275,,,,
10,1,10001,CAR,0,CAR000,Delaware,Kent County,Caribbean,-,35,,,,
10,1,10001,EUR,0,EUR000,Delaware,Kent County,Europe,-,320,,,,
10,1,10001,NAM,0,NAM000,Delaware,Kent County,Northern America,-,8,,,,
10,1,10001,SAM,0,SAM000,Delaware,Kent County,South America,-,47,,,,
10,3,10003,AFR,0,AFR000,Delaware,New Castle County,Africa,-,180,,,,
10,3,10003,ASI,0,ASI000,Delaware,New Castle County,Asia,-,"1,516",,,,
10,3,10003,CAM,0,CAM000,Delaware,New Castle County,Central America,-,259,,,,
10,3,10003,CAR,0,CAR000,Delaware,New Castle County,Caribbean,-,170,,,,
10,3,10003,EUR,0,EUR000,Delaware,New Castle County,Europe,-,337,,,,
10,3,10003,ISL,0,ISL000,Delaware,New Castle County,U.S. Island Areas,-,51,,,,
10,3,10003,NAM,0,NAM000,Delaware,New Castle County,Northern America,-,55,,,,
10,3,10003,SAM,0,SAM000,Delaware,New Castle County,South America,-,37,,,,
10,5,10005,AFR,0,AFR000,Delaware,Sussex County,Africa,-,8,,,,
10,5,10005,ASI,0,ASI000,Delaware,Sussex County,Asia,-,62,,,,
10,5,10005,CAM,0,CAM000,Delaware,Sussex County,Central America,-,632,,,,
10,5,10005,CAR,0,CAR000,Delaware,Sussex County,Caribbean,-,87,,,,
10,5,10005,EUR,0,EUR000,Delaware,Sussex County,Europe,-,252,,,,
10,5,10005,ISL,0,ISL000,Delaware,Sussex County,U.S. Island Areas,-,25,,,,
10,5,10005,NAM,0,NAM000,Delaware,Sussex County,Northern America,-,16,,,,
10,5,10005,OCE,0,OCE000,Delaware,Sussex County,Oceania and At Sea,-,16,,,,
10,5,10005,SAM,0,SAM000,Delaware,Sussex County,South America,-,46,,,,